23135000,LoadLibrary,lpFileName=C:\WINDOWS\system32\IMM32.DLL,Return=76390000
23223000,LoadLibrary,lpFileName=gdi32.dll,Return=77f10000
23188000,LoadLibrary,lpFileName=LPK.DLL,Return=629c0000
23276000,RegQueryValue,hKey=HKEY_LOCAL_MACHINE\SYSTEM\Setup\SystemSetupInProgress,Return=0
23387000,CreateFile,hName=C:\WINDOWS\WindowsShell.Manifest,desiredAccess=GENERIC_READ,creationDisposition=OPEN_EXISTING,Return=44
23416000,RegQueryValue,hKey=HKEY_CURRENT_USER\Control,Panel\Desktop\SmoothScroll,Return=2
23417000,RegQueryValue,hKey=HKEY_CURRENT_USER\software\Microsoft\Windows\CurrentVersion\Explorer\Advanced\EnableBalloonTips,Return=2
23418000,RegEnumValue,hKey=HKEY_LOCAL_MACHINE\Software\Microsoft\Windows,NT\CurrentVersion\LanguagePack\SURR,Return=0,type=REG_DWORD,data=2
23308000,LoadLibrary,lpFileName=comctl32.dll,Return=773d0000
23536000,RegQueryValue,hKey=HKEY_CURRENT_USER\Control,Panel\Desktop\SmoothScroll,Return=2
23537000,LoadLibrary,lpFileName=imm32.dll,Return=76390000
23450000,LoadLibrary,lpFileName=comctl32.dll,Return=5d090000
23583000,RegQueryValue,hKey=HKEY_LOCAL_MACHINE\SYSTEM\CurrentControlSet\Control\Session,Manager\CriticalSectionTimeout,Return=0
23583000,RegQueryValue,hKey=HKEY_LOCAL_MACHINE\Software\Microsoft\Ole\RWLockResourceTimeOut,Return=2
23674000,LoadLibrary,lpFileName=comctl32.dll,Return=773d0000
23730000,RegQueryValue,hKey=HKEY_LOCAL_MACHINE\Software\Microsoft\Windows\CurrentVersion\Internet,Settings\DisableImprovedZoneCheck,Return=2
23739000,RegQueryValue,hKey=HKEY_LOCAL_MACHINE\Software\Microsoft\Internet,Explorer\Main\FeatureControl\FEATURE_OBJECT_CACHING\malware.exe,Return=2
23739000,RegQueryValue,hKey=HKEY_LOCAL_MACHINE\Software\Microsoft\Internet,Explorer\Main\FeatureControl\FEATURE_OBJECT_CACHING\*,Return=2
23740000,RegQueryValue,hKey=HKEY_LOCAL_MACHINE\Software\Microsoft\Internet,Explorer\Main\FeatureControl\FEATURE_ZONE_ELEVATION\malware.exe,Return=2
23740000,RegQueryValue,hKey=HKEY_LOCAL_MACHINE\Software\Microsoft\Internet,Explorer\Main\FeatureControl\FEATURE_ZONE_ELEVATION\*,Return=2
23741000,RegQueryValue,hKey=HKEY_LOCAL_MACHINE\Software\Microsoft\Internet,Explorer\Main\FeatureControl\FEATURE_MIME_HANDLING\malware.exe,Return=2
23741000,RegQueryValue,hKey=HKEY_LOCAL_MACHINE\Software\Microsoft\Internet,Explorer\Main\FeatureControl\FEATURE_MIME_HANDLING\*,Return=2
23742000,RegQueryValue,hKey=HKEY_LOCAL_MACHINE\Software\Microsoft\Internet,Explorer\Main\FeatureControl\FEATURE_MIME_SNIFFING\malware.exe,Return=2
23742000,RegQueryValue,hKey=HKEY_LOCAL_MACHINE\Software\Microsoft\Internet,Explorer\Main\FeatureControl\FEATURE_MIME_SNIFFING\*,Return=2
23743000,RegQueryValue,hKey=HKEY_LOCAL_MACHINE\Software\Microsoft\Internet,Explorer\Main\FeatureControl\FEATURE_WINDOW_RESTRICTIONS\malware.exe,Return=2
23743000,RegQueryValue,hKey=HKEY_LOCAL_MACHINE\Software\Microsoft\Internet,Explorer\Main\FeatureControl\FEATURE_WINDOW_RESTRICTIONS\*,Return=2
23744000,RegQueryValue,hKey=HKEY_LOCAL_MACHINE\Software\Microsoft\Internet,Explorer\Main\FeatureControl\FEATURE_WEBOC_POPUPMANAGEMENT\malware.exe,Return=2
23744000,RegQueryValue,hKey=HKEY_LOCAL_MACHINE\Software\Microsoft\Internet,Explorer\Main\FeatureControl\FEATURE_WEBOC_POPUPMANAGEMENT\*,Return=2
23745000,RegQueryValue,hKey=HKEY_LOCAL_MACHINE\Software\Microsoft\Internet,Explorer\Main\FeatureControl\FEATURE_BEHAVIORS\malware.exe,Return=2
23745000,RegQueryValue,hKey=HKEY_LOCAL_MACHINE\Software\Microsoft\Internet,Explorer\Main\FeatureControl\FEATURE_BEHAVIORS\*,Return=0
23746000,RegQueryValue,hKey=HKEY_LOCAL_MACHINE\Software\Microsoft\Internet,Explorer\Main\FeatureControl\FEATURE_DISABLE_MK_PROTOCOL\malware.exe,Return=2
23746000,RegQueryValue,hKey=HKEY_LOCAL_MACHINE\Software\Microsoft\Internet,Explorer\Main\FeatureControl\FEATURE_DISABLE_MK_PROTOCOL\*,Return=0
23746000,RegQueryValue,hKey=HKEY_CURRENT_USER\Software\Microsoft\Internet,Explorer\Main\FeatureControl\FEATURE_LOCALMACHINE_LOCKDOWN\malware.exe,Return=2
23747000,RegQueryValue,hKey=HKEY_CURRENT_USER\Software\Microsoft\Internet,Explorer\Main\FeatureControl\FEATURE_LOCALMACHINE_LOCKDOWN\*,Return=2
23747000,RegQueryValue,hKey=HKEY_LOCAL_MACHINE\Software\Microsoft\Internet,Explorer\Main\FeatureControl\FEATURE_LOCALMACHINE_LOCKDOWN\malware.exe,Return=2
23747000,RegQueryValue,hKey=HKEY_LOCAL_MACHINE\Software\Microsoft\Internet,Explorer\Main\FeatureControl\FEATURE_LOCALMACHINE_LOCKDOWN\*,Return=2
23751000,RegQueryValue,hKey=HKEY_LOCAL_MACHINE\Software\Microsoft\Internet,Explorer\Main\FeatureControl\FEATURE_PROTOCOL_LOCKDOWN\malware.exe,Return=2
23751000,RegQueryValue,hKey=HKEY_LOCAL_MACHINE\Software\Microsoft\Internet,Explorer\Main\FeatureControl\FEATURE_PROTOCOL_LOCKDOWN\*,Return=2
23752000,RegQueryValue,hKey=HKEY_LOCAL_MACHINE\Software\Microsoft\Internet,Explorer\Main\FeatureControl\FEATURE_SAFE_BINDTOOBJECT\malware.exe,Return=2
23752000,RegQueryValue,hKey=HKEY_LOCAL_MACHINE\Software\Microsoft\Internet,Explorer\Main\FeatureControl\FEATURE_SAFE_BINDTOOBJECT\*,Return=2
23780000,LoadLibrary,lpFileName=advapi32.dll,Return=77dd0000
23856000,LoadLibrary,lpFileName=kernel32.dll,Return=7c800000
23902000,LoadLibrary,lpFileName=advapi32.dll,Return=77dd0000
24135000,LoadLibrary,lpFileName=comctl32.dll,Return=773d0000
24169000,RegCreateKey,hKey=HKEY_CURRENT_USER\SOFTWARE\Microsoft\Windows\CurrentVersion\Internet,Settings,Return=0
24703000,LoadLibrary,lpFileName=KERNEL32.DLL,Return=7c800000
24733000,LoadLibrary,lpFileName=ADVAPI32.dll,Return=77dd0000
24737000,LoadLibrary,lpFileName=PSAPI.DLL,Return=76bf0000
24739000,LoadLibrary,lpFileName=SHELL32.dll,Return=7c9c0000
24741000,LoadLibrary,lpFileName=SHLWAPI.dll,Return=77f60000
24742000,LoadLibrary,lpFileName=urlmon.dll,Return=7e1e0000
24744000,LoadLibrary,lpFileName=WININET.dll,Return=771b0000
24877000,RegCreateKey,hKey=HKEY_CURRENT_USER\Software\Microsoft\Windows\CurrentVersion\Explorer\User,Shell,Folders,Return=0
24877000,RegQueryValue,hKey=70\AppData,Return=0
24881000,RegCreateKey,hKey=HKEY_CURRENT_USER\Software\Microsoft\Windows\CurrentVersion\Explorer\Shell,Folders,Return=0
24881000,RegSetValue,hKey=70\AppData,type=REG_SZ,data=C:\Documents,and,Settings\ants\Application,Data,Return=0
24883000,RegQueryValue,hKey=HKEY_CURRENT_USER\Software\Microsoft\Windows\CurrentVersion\Run\java,Return=2
24884000,RegQueryValue,hKey=HKEY_CURRENT_USER\Software\Microsoft\Windows\CurrentVersion\Run\jusched,Return=2
24885000,RegQueryValue,hKey=HKEY_CURRENT_USER\Software\Microsoft\Windows\CurrentVersion\Run\jucheck,Return=2
24886000,RegQueryValue,hKey=HKEY_CURRENT_USER\Software\Microsoft\Windows\CurrentVersion\Run\desktop,Return=2
24887000,RegQueryValue,hKey=HKEY_CURRENT_USER\Software\Microsoft\Windows\CurrentVersion\Run\adobeflash,Return=2
24888000,RegQueryValue,hKey=HKEY_CURRENT_USER\Software\Microsoft\Windows\CurrentVersion\Run\win-firewall,Return=2
24889000,RegQueryValue,hKey=HKEY_CURRENT_USER\Software\Microsoft\Windows\CurrentVersion\Run\dwm,Return=2
24890000,CreateFile,hName=C:\Documents,and,Settings\ants\Application,Data\jucheck.exe,desiredAccess=GENERIC_WRITE,creationDisposition=CREATE_ALWAYS,Return=70
24889000,CreateFile,hName=C:\Documents,and,Settings\ants\Application,Data\jucheck.exe,desiredAccess=GENERIC_WRITE,creationDisposition=CREATE_ALWAYS,Return=70
24892000,CreateFile,hName=C:\Documents,and,Settings\All,Users\Desktop\malware.exe,desiredAccess=GENERIC_READ,creationDisposition=OPEN_EXISTING,Return=74
24892000,CreateFile,hName=C:\Documents,and,Settings\All,Users\Desktop\malware.exe,desiredAccess=GENERIC_READ,creationDisposition=OPEN_EXISTING,Return=74
24896000,RegSetValue,hKey=HKEY_CURRENT_USER\Software\Microsoft\Windows\CurrentVersion\Run\jucheck,type=REG_SZ,data=C:\Documents,and,Settings\ants\Application,Data\jucheck.exe,Return=0
25094000,RegQueryValue,hKey=HKEY_CURRENT_USER\Software\Microsoft\Windows\CurrentVersion\Explorer\Shell,Folders\Cache,Return=0
25098000,LoadLibrary,lpFileName=advapi32.dll,Return=77dd0000
24898000,CreateProcessInternal,lpApplicationName=C:\Documents,and,Settings\ants\Application,Data\jucheck.exe,lpCommandLine=alina=C:\Documents,and,Settings\All,Users\Desktop\malware.exe,Return=1
24898000,CreateProcessInternal,lpApplicationName=C:\Documents,and,Settings\ants\Application,Data\jucheck.exe,lpCommandLine=alina=C:\Documents,and,Settings\All,Users\Desktop\malware.exe,Return=1
24898000,CreateProcess,lpApplicationName=C:\Documents,and,Settings\ants\Application,Data\jucheck.exe,lpCommandLine=alina=C:\Documents,and,Settings\All,Users\Desktop\malware.exe,Return=1
25263000,RegQueryValue,hKey=5c\FromCacheTimeout,Return=2
25263000,RegQueryValue,hKey=5c\SecureProtocols,Return=2
25267000,RegQueryValue,hKey=5c\CertificateRevocation,Return=2
25268000,RegQueryValue,hKey=5c\DisableKeepAlive,Return=2
25268000,RegQueryValue,hKey=5c\DisablePassport,Return=2
25268000,RegQueryValue,hKey=5c\CacheMode,Return=2
25299000,RegQueryValue,hKey=HKEY_CURRENT_USER\SOFTWARE\Microsoft\Windows\CurrentVersion\Internet,Settings\EnableHttp1_1,Return=0
25302000,RegQueryValue,hKey=HKEY_CURRENT_USER\SOFTWARE\Microsoft\Windows\CurrentVersion\Internet,Settings\ProxyHttp1.1,Return=2
25302000,RegQueryValue,hKey=HKEY_LOCAL_MACHINE\SOFTWARE\Microsoft\Windows\CurrentVersion\Internet,Settings\ProxyHttp1.1,Return=2
25302000,RegQueryValue,hKey=5c\EnableNegotiate,Return=0
25302000,RegQueryValue,hKey=5c\DisableBasicOverClearChannel,Return=2
25307000,RegQueryValue,hKey=HKEY_CURRENT_USER\Software\Microsoft\Internet,Explorer\Main\FeatureControl\Feature_ClientAuthCertFilter,Return=2
25307000,RegQueryValue,hKey=HKEY_LOCAL_MACHINE\Software\Microsoft\Internet,Explorer\Main\FeatureControl\Feature_ClientAuthCertFilter,Return=2
25307000,LoadLibrary,lpFileName=Secur32.dll,Return=77fe0000
25311000,RegQueryValue,hKey=5c\SyncMode5,Return=2
25315000,RegQueryValue,hKey=HKEY_LOCAL_MACHINE\Software\Microsoft\Windows\CurrentVersion\Internet,Settings\Cache\FixupKey,Return=2
25315000,RegQueryValue,hKey=HKEY_LOCAL_MACHINE\Software\Microsoft\Windows\CurrentVersion\Internet,Settings\5.0\Cache\SessionStartTimeDefaultDeltaSecs,Return=2
25320000,RegQueryValue,hKey=HKEY_LOCAL_MACHINE\System\Setup\SystemSetupInProgress,Return=0
25322000,RegQueryValue,hKey=HKEY_CURRENT_USER\Software\Microsoft\Windows\CurrentVersion\Internet,Settings\5.0\Cache\Signature,Return=0
25323000,RegQueryValue,hKey=HKEY_CURRENT_USER\Software\Microsoft\Windows\CurrentVersion\Explorer\User,Shell,Folders\Cache,Return=0
25325000,RegQueryValue,hKey=HKEY_CURRENT_USER\Software\Microsoft\Windows\CurrentVersion\Explorer\User,Shell,Folders\Cookies,Return=0
25325000,RegQueryValue,hKey=HKEY_CURRENT_USER\Software\Microsoft\Windows\CurrentVersion\Explorer\User,Shell,Folders\History,Return=0
25326000,RegQueryValue,hKey=HKEY_CURRENT_USER\Software\Microsoft\Windows\CurrentVersion\Internet,Settings\5.0\Cache\Content\PerUserItem,Return=2
25326000,RegQueryValue,hKey=HKEY_LOCAL_MACHINE\Software\Microsoft\Windows\CurrentVersion\Internet,Settings\5.0\Cache\Content\PerUserItem,Return=0
25328000,LoadLibrary,lpFileName=shell32.dll,Return=7c9c0000
25333000,RegCreateKey,hKey=HKEY_CURRENT_USER\Software\Microsoft\Windows\CurrentVersion\Explorer\User,Shell,Folders,Return=0
25334000,RegQueryValue,hKey=94\Cache,Return=0
25338000,RegCreateKey,hKey=HKEY_CURRENT_USER\Software\Microsoft\Windows\CurrentVersion\Explorer\Shell,Folders,Return=0
25338000,RegSetValue,hKey=94\Cache,type=REG_SZ,data=C:\Documents,and,Settings\ants\Local,Settings\Temporary,Internet,Files,Return=0
25345000,RegQueryValue,hKey=HKEY_CURRENT_USER\Software\Microsoft\Windows\CurrentVersion\Internet,Settings\5.0\Cache\Content\CachePrefix,Return=0
25345000,RegQueryValue,hKey=HKEY_CURRENT_USER\Software\Microsoft\Windows\CurrentVersion\Internet,Settings\5.0\Cache\Content\CacheLimit,Return=0
25348000,RegSetValue,hKey=HKEY_LOCAL_MACHINE\Software\Microsoft\Windows\CurrentVersion\Internet,Settings\Cache\Paths\Directory,type=REG_SZ,data=C:\Documents,and,Settings\ants\Local,Settings\Temporary,Internet,Files\Content.IE5,Return=0
25349000,RegSetValue,hKey=HKEY_LOCAL_MACHINE\Software\Microsoft\Windows\CurrentVersion\Internet,Settings\Cache\Paths\Paths,type=REG_DWORD,data=4,Return=0
25349000,RegSetValue,hKey=HKEY_LOCAL_MACHINE\Software\Microsoft\Windows\CurrentVersion\Internet,Settings\Cache\Paths\Path1\CachePath,type=REG_SZ,data=C:\Documents,and,Settings\ants\Local,Settings\Temporary,Internet,Files\Content.IE5\Cache1,Return=0
25350000,RegSetValue,hKey=HKEY_LOCAL_MACHINE\Software\Microsoft\Windows\CurrentVersion\Internet,Settings\Cache\Paths\Path2\CachePath,type=REG_SZ,data=C:\Documents,and,Settings\ants\Local,Settings\Temporary,Internet,Files\Content.IE5\Cache2,Return=0
25350000,RegSetValue,hKey=HKEY_LOCAL_MACHINE\Software\Microsoft\Windows\CurrentVersion\Internet,Settings\Cache\Paths\Path3\CachePath,type=REG_SZ,data=C:\Documents,and,Settings\ants\Local,Settings\Temporary,Internet,Files\Content.IE5\Cache3,Return=0
25351000,RegSetValue,hKey=HKEY_LOCAL_MACHINE\Software\Microsoft\Windows\CurrentVersion\Internet,Settings\Cache\Paths\Path4\CachePath,type=REG_SZ,data=C:\Documents,and,Settings\ants\Local,Settings\Temporary,Internet,Files\Content.IE5\Cache4,Return=0
25351000,RegSetValue,hKey=HKEY_LOCAL_MACHINE\Software\Microsoft\Windows\CurrentVersion\Internet,Settings\Cache\Paths\Path1\CacheLimit,type=REG_DWORD,data=81830,Return=0
25351000,RegSetValue,hKey=HKEY_LOCAL_MACHINE\Software\Microsoft\Windows\CurrentVersion\Internet,Settings\Cache\Paths\Path2\CacheLimit,type=REG_DWORD,data=81830,Return=0
25352000,RegSetValue,hKey=HKEY_LOCAL_MACHINE\Software\Microsoft\Windows\CurrentVersion\Internet,Settings\Cache\Paths\Path3\CacheLimit,type=REG_DWORD,data=81830,Return=0
25352000,RegSetValue,hKey=HKEY_LOCAL_MACHINE\Software\Microsoft\Windows\CurrentVersion\Internet,Settings\Cache\Paths\Path4\CacheLimit,type=REG_DWORD,data=81830,Return=0
25353000,RegQueryValue,hKey=HKEY_CURRENT_USER\Software\Microsoft\Windows\CurrentVersion\Internet,Settings\5.0\Cache\Cookies\PerUserItem,Return=2
25353000,RegQueryValue,hKey=HKEY_LOCAL_MACHINE\Software\Microsoft\Windows\CurrentVersion\Internet,Settings\5.0\Cache\Cookies\PerUserItem,Return=0
25354000,RegCreateKey,hKey=HKEY_CURRENT_USER\Software\Microsoft\Windows\CurrentVersion\Explorer\User,Shell,Folders,Return=0
25354000,RegQueryValue,hKey=94\Cookies,Return=0
25356000,RegCreateKey,hKey=HKEY_CURRENT_USER\Software\Microsoft\Windows\CurrentVersion\Explorer\Shell,Folders,Return=0
25357000,RegSetValue,hKey=94\Cookies,type=REG_SZ,data=C:\Documents,and,Settings\ants\Cookies,Return=0
25358000,RegQueryValue,hKey=HKEY_CURRENT_USER\Software\Microsoft\Windows\CurrentVersion\Internet,Settings\5.0\Cache\Cookies\CachePrefix,Return=0
25359000,RegQueryValue,hKey=HKEY_CURRENT_USER\Software\Microsoft\Windows\CurrentVersion\Internet,Settings\5.0\Cache\Cookies\CacheLimit,Return=0
25360000,RegQueryValue,hKey=HKEY_CURRENT_USER\Software\Microsoft\Windows\CurrentVersion\Internet,Settings\5.0\Cache\History\PerUserItem,Return=2
25361000,RegQueryValue,hKey=HKEY_LOCAL_MACHINE\Software\Microsoft\Windows\CurrentVersion\Internet,Settings\5.0\Cache\History\PerUserItem,Return=0
25362000,RegCreateKey,hKey=HKEY_CURRENT_USER\Software\Microsoft\Windows\CurrentVersion\Explorer\User,Shell,Folders,Return=0
25362000,RegQueryValue,hKey=94\History,Return=0
25364000,RegCreateKey,hKey=HKEY_CURRENT_USER\Software\Microsoft\Windows\CurrentVersion\Explorer\Shell,Folders,Return=0
25365000,RegSetValue,hKey=94\History,type=REG_SZ,data=C:\Documents,and,Settings\ants\Local,Settings\History,Return=0
25369000,RegQueryValue,hKey=HKEY_CURRENT_USER\Software\Microsoft\Windows\CurrentVersion\Internet,Settings\5.0\Cache\History\CachePrefix,Return=0
25370000,RegQueryValue,hKey=HKEY_CURRENT_USER\Software\Microsoft\Windows\CurrentVersion\Internet,Settings\5.0\Cache\History\CacheLimit,Return=0
25383000,CreateFile,hName=C:\Documents,and,Settings\ants\Local,Settings\Temporary,Internet,Files\Content.IE5\index.dat,desiredAccess=GENERIC_READ,GENERIC_WRITE,creationDisposition=OPEN_ALWAYS,Return=84
25383000,CreateFile,hName=C:\Documents,and,Settings\ants\Local,Settings\Temporary,Internet,Files\Content.IE5\index.dat,desiredAccess=GENERIC_READ,GENERIC_WRITE,creationDisposition=OPEN_ALWAYS,Return=84
25385000,CreateFile,hName=C:\Documents,and,Settings\ants\Local,Settings\Temporary,Internet,Files\Content.IE5\index.dat,desiredAccess=GENERIC_READ,GENERIC_WRITE,creationDisposition=OPEN_ALWAYS,Return=84
25384000,CreateFile,hName=C:\Documents,and,Settings\ants\Local,Settings\Temporary,Internet,Files\Content.IE5\index.dat,desiredAccess=GENERIC_READ,GENERIC_WRITE,creationDisposition=OPEN_ALWAYS,Return=84
25770000,CreateFile,hName=C:\Documents,and,Settings\ants\Cookies\index.dat,desiredAccess=GENERIC_READ,GENERIC_WRITE,creationDisposition=OPEN_ALWAYS,Return=94
25770000,CreateFile,hName=C:\Documents,and,Settings\ants\Cookies\index.dat,desiredAccess=GENERIC_READ,GENERIC_WRITE,creationDisposition=OPEN_ALWAYS,Return=94
25771000,CreateFile,hName=C:\Documents,and,Settings\ants\Cookies\index.dat,desiredAccess=GENERIC_READ,GENERIC_WRITE,creationDisposition=OPEN_ALWAYS,Return=94
25771000,CreateFile,hName=C:\Documents,and,Settings\ants\Cookies\index.dat,desiredAccess=GENERIC_READ,GENERIC_WRITE,creationDisposition=OPEN_ALWAYS,Return=94
26182000,CreateFile,hName=C:\Documents,and,Settings\ants\Local,Settings\History\History.IE5\index.dat,desiredAccess=GENERIC_READ,GENERIC_WRITE,creationDisposition=OPEN_ALWAYS,Return=9c
26182000,CreateFile,hName=C:\Documents,and,Settings\ants\Local,Settings\History\History.IE5\index.dat,desiredAccess=GENERIC_READ,GENERIC_WRITE,creationDisposition=OPEN_ALWAYS,Return=9c
26183000,CreateFile,hName=C:\Documents,and,Settings\ants\Local,Settings\History\History.IE5\index.dat,desiredAccess=GENERIC_READ,GENERIC_WRITE,creationDisposition=OPEN_ALWAYS,Return=9c
26183000,CreateFile,hName=C:\Documents,and,Settings\ants\Local,Settings\History\History.IE5\index.dat,desiredAccess=GENERIC_READ,GENERIC_WRITE,creationDisposition=OPEN_ALWAYS,Return=9c
26562000,RegQueryValue,hKey=HKEY_CURRENT_USER\Software\Microsoft\Windows\CurrentVersion\Internet,Settings\5.0\Cache\Extensible,Cache\MSHist012016040420160405\CacheRepair,Return=0
26562000,RegQueryValue,hKey=HKEY_CURRENT_USER\Software\Microsoft\Windows\CurrentVersion\Internet,Settings\5.0\Cache\Extensible,Cache\MSHist012016040420160405\CachePath,Return=0
26563000,RegQueryValue,hKey=HKEY_CURRENT_USER\Software\Microsoft\Windows\CurrentVersion\Internet,Settings\5.0\Cache\Extensible,Cache\MSHist012016040420160405\CachePrefix,Return=0
26564000,RegQueryValue,hKey=HKEY_CURRENT_USER\Software\Microsoft\Windows\CurrentVersion\Internet,Settings\5.0\Cache\Extensible,Cache\MSHist012016040420160405\CacheLimit,Return=0
26564000,RegQueryValue,hKey=HKEY_CURRENT_USER\Software\Microsoft\Windows\CurrentVersion\Internet,Settings\5.0\Cache\Extensible,Cache\MSHist012016040420160405\CacheOptions,Return=0
26566000,RegQueryValue,hKey=HKEY_CURRENT_USER\Software\Microsoft\Windows\CurrentVersion\Internet,Settings\5.0\Cache\Extensible,Cache\MSHist012016040520160406\CacheRepair,Return=0
26566000,RegQueryValue,hKey=HKEY_CURRENT_USER\Software\Microsoft\Windows\CurrentVersion\Internet,Settings\5.0\Cache\Extensible,Cache\MSHist012016040520160406\CachePath,Return=0
26567000,RegQueryValue,hKey=HKEY_CURRENT_USER\Software\Microsoft\Windows\CurrentVersion\Internet,Settings\5.0\Cache\Extensible,Cache\MSHist012016040520160406\CachePrefix,Return=0
26568000,RegQueryValue,hKey=HKEY_CURRENT_USER\Software\Microsoft\Windows\CurrentVersion\Internet,Settings\5.0\Cache\Extensible,Cache\MSHist012016040520160406\CacheLimit,Return=0
26568000,RegQueryValue,hKey=HKEY_CURRENT_USER\Software\Microsoft\Windows\CurrentVersion\Internet,Settings\5.0\Cache\Extensible,Cache\MSHist012016040520160406\CacheOptions,Return=0
26588000,RegQueryValue,hKey=HKEY_LOCAL_MACHINE\SOFTWARE\Microsoft\Windows\CurrentVersion\Internet,Settings\DisableWorkerThreadHibernation,Return=2
26589000,RegQueryValue,hKey=5c\DisableWorkerThreadHibernation,Return=2
26589000,RegQueryValue,hKey=5c\DisableReadRange,Return=2
26589000,RegQueryValue,hKey=5c\SocketSendBufferLength,Return=2
26589000,RegQueryValue,hKey=5c\SocketReceiveBufferLength,Return=2
26590000,RegQueryValue,hKey=5c\KeepAliveTimeout,Return=2
26590000,RegQueryValue,hKey=5c\MaxHttpRedirects,Return=2
26590000,RegQueryValue,hKey=5c\MaxConnectionsPerServer,Return=2
26590000,RegQueryValue,hKey=5c\MaxConnectionsPer1_0Server,Return=2
26591000,RegQueryValue,hKey=5c\ServerInfoTimeout,Return=2
26591000,RegQueryValue,hKey=5c\ReceiveTimeOut,Return=2
26591000,RegQueryValue,hKey=5c\DisableNTLMPreAuth,Return=2
26591000,RegQueryValue,hKey=5c\ScavengeCacheLowerBound,Return=2
26592000,RegQueryValue,hKey=5c\CertCacheNoValidate,Return=2
26592000,RegQueryValue,hKey=HKEY_CURRENT_USER\SOFTWARE\Microsoft\Windows\CurrentVersion\Internet,Settings\5.0\Cache\ScavengeCacheFileLifeTime,Return=2
26595000,RegQueryValue,hKey=HKEY_CURRENT_USER\SOFTWARE\Microsoft\Windows\CurrentVersion\Internet,Settings\5.0\Cache\ScavengeCacheFileLimit,Return=2
26595000,RegQueryValue,hKey=HKEY_LOCAL_MACHINE\SOFTWARE\Microsoft\Windows\CurrentVersion\Internet,Settings\5.0\Cache\ScavengeCacheFileLimit,Return=2
26625000,RegQueryValue,hKey=5c\HttpDefaultExpiryTimeSecs,Return=2
26625000,RegQueryValue,hKey=5c\FtpDefaultExpiryTimeSecs,Return=2
26625000,RegQueryValue,hKey=5c\GopherDefaultExpiryTimeSecs,Return=2
26625000,RegQueryValue,hKey=5c\DisableCachingOfSSLPages,Return=2
26626000,RegQueryValue,hKey=5c\PerUserCookies,Return=2
26626000,RegQueryValue,hKey=5c\LeashLegacyCookies,Return=2
26626000,RegQueryValue,hKey=5c\DisableNT4RasCheck,Return=2
26627000,RegQueryValue,hKey=HKEY_CURRENT_USER\SOFTWARE\Microsoft\Windows\CurrentVersion\Internet,Settings\DialupUseLanSettings,Return=2
26628000,RegQueryValue,hKey=HKEY_LOCAL_MACHINE\SOFTWARE\Microsoft\Windows\CurrentVersion\Internet,Settings\DialupUseLanSettings,Return=2
26628000,RegQueryValue,hKey=5c\SendExtraCRLF,Return=2
26628000,RegQueryValue,hKey=5c\BypassFtpTimeCheck,Return=2
26629000,RegQueryValue,hKey=5c\EnableGopher,Return=2
26629000,RegQueryValue,hKey=5c\ReleaseSocketDuringAuth,Return=2
26630000,RegQueryValue,hKey=HKEY_CURRENT_USER\SOFTWARE\Microsoft\Windows\CurrentVersion\Internet,Settings\ReleaseSocketDuring401Auth,Return=2
26631000,RegQueryValue,hKey=HKEY_LOCAL_MACHINE\SOFTWARE\Microsoft\Windows\CurrentVersion\Internet,Settings\ReleaseSocketDuring401Auth,Return=2
26631000,RegQueryValue,hKey=5c\WpadSearchAllDomains,Return=2
26632000,RegQueryValue,hKey=HKEY_CURRENT_USER\SOFTWARE\Microsoft\Windows\CurrentVersion\Internet,Settings\DisableLegacyPreAuthAsServer,Return=2
26633000,RegQueryValue,hKey=HKEY_LOCAL_MACHINE\SOFTWARE\Microsoft\Windows\CurrentVersion\Internet,Settings\DisableLegacyPreAuthAsServer,Return=2
26634000,RegQueryValue,hKey=HKEY_CURRENT_USER\SOFTWARE\Microsoft\Windows\CurrentVersion\Internet,Settings\BypassHTTPNoCacheCheck,Return=2
26635000,RegQueryValue,hKey=HKEY_LOCAL_MACHINE\SOFTWARE\Microsoft\Windows\CurrentVersion\Internet,Settings\BypassHTTPNoCacheCheck,Return=2
26636000,RegQueryValue,hKey=HKEY_CURRENT_USER\SOFTWARE\Microsoft\Windows\CurrentVersion\Internet,Settings\BypassSSLNoCacheCheck,Return=2
26636000,RegQueryValue,hKey=HKEY_LOCAL_MACHINE\SOFTWARE\Microsoft\Windows\CurrentVersion\Internet,Settings\BypassSSLNoCacheCheck,Return=2
26637000,RegQueryValue,hKey=HKEY_CURRENT_USER\SOFTWARE\Microsoft\Windows\CurrentVersion\Internet,Settings\EnableHttpTrace,Return=2
26638000,RegQueryValue,hKey=HKEY_LOCAL_MACHINE\SOFTWARE\Microsoft\Windows\CurrentVersion\Internet,Settings\EnableHttpTrace,Return=2
26639000,RegQueryValue,hKey=HKEY_CURRENT_USER\SOFTWARE\Microsoft\Windows\CurrentVersion\Internet,Settings\NoCheckAutodialOverRide,Return=2
26640000,RegQueryValue,hKey=HKEY_LOCAL_MACHINE\SOFTWARE\Microsoft\Windows\CurrentVersion\Internet,Settings\NoCheckAutodialOverRide,Return=2
26640000,RegQueryValue,hKey=HKEY_LOCAL_MACHINE\SOFTWARE\Microsoft\Windows\CurrentVersion\Internet,Settings\DontUseDNSLoadBalancing,Return=2
26641000,RegQueryValue,hKey=5c\DontUseDNSLoadBalancing,Return=2
26641000,RegQueryValue,hKey=5c\NonBlockingClient32,Return=2
26641000,RegQueryValue,hKey=HKEY_LOCAL_MACHINE\SOFTWARE\Microsoft\Windows\CurrentVersion\Internet,Settings\ShareCredsWithWinHttp,Return=2
26642000,RegQueryValue,hKey=5c\MimeExclusionListForCache,Return=0
26642000,RegQueryValue,hKey=5c\MimeExclusionListForCache,Return=0
26644000,RegQueryValue,hKey=5c\HeaderExclusionListForCache,Return=2
26644000,RegQueryValue,hKey=5c\DnsCacheEnabled,Return=2
26644000,RegQueryValue,hKey=5c\DnsCacheEntries,Return=2
26645000,RegQueryValue,hKey=5c\DnsCacheTimeout,Return=2
26645000,RegQueryValue,hKey=5c\WarnOnPost,Return=0
26645000,RegQueryValue,hKey=5c\WarnAlwaysOnPost,Return=2
26646000,RegQueryValue,hKey=5c\WarnOnZoneCrossing,Return=2
26646000,RegQueryValue,hKey=5c\WarnOnBadCertSending,Return=2
26646000,RegQueryValue,hKey=5c\WarnOnBadCertRecving,Return=2
26646000,RegQueryValue,hKey=5c\WarnOnPostRedirect,Return=2
26647000,RegQueryValue,hKey=5c\AlwaysDrainOnRedirect,Return=2
26647000,RegQueryValue,hKey=5c\WarnOnHTTPSToHTTPRedirect,Return=2
26647000,RegQueryValue,hKey=5c\GlobalUserOffline,Return=0
26650000,RegQueryValue,hKey=5c\EnableAutodial,Return=2
26655000,RegQueryValue,hKey=HKEY_LOCAL_MACHINE\SOFTWARE\Microsoft\Windows\CurrentVersion\Internet,Settings\UrlEncoding,Return=ea
26655000,RegQueryValue,hKey=5c\TruncateFileName,Return=2
26657000,RegQueryValue,hKey=5c\BadProxyExpiresTime,Return=2
26658000,LoadLibrary,lpFileName=wsock32,Return=71ad0000
27255000,RegQueryValue,hKey=HKEY_LOCAL_MACHINE\System\CurrentControlSet\Services\WinSock2\Parameters\WinSock_Registry_Version,Return=0
27258000,RegQueryValue,hKey=HKEY_LOCAL_MACHINE\System\CurrentControlSet\Services\WinSock2\Parameters\Protocol_Catalog9\Serial_Access_Num,Return=0
27258000,RegQueryValue,hKey=HKEY_LOCAL_MACHINE\System\CurrentControlSet\Services\WinSock2\Parameters\Protocol_Catalog9\Serial_Access_Num,Return=0
27259000,RegQueryValue,hKey=HKEY_LOCAL_MACHINE\System\CurrentControlSet\Services\WinSock2\Parameters\Protocol_Catalog9\Next_Catalog_Entry_ID,Return=0
27259000,RegQueryValue,hKey=HKEY_LOCAL_MACHINE\System\CurrentControlSet\Services\WinSock2\Parameters\Protocol_Catalog9\Num_Catalog_Entries,Return=0
27261000,RegQueryValue,hKey=HKEY_LOCAL_MACHINE\System\CurrentControlSet\Services\WinSock2\Parameters\Protocol_Catalog9\Catalog_Entries\000000000001\PackedCatalogItem,Return=0
27261000,RegQueryValue,hKey=HKEY_LOCAL_MACHINE\System\CurrentControlSet\Services\WinSock2\Parameters\Protocol_Catalog9\Catalog_Entries\000000000001\PackedCatalogItem,Return=0
27262000,RegQueryValue,hKey=HKEY_LOCAL_MACHINE\System\CurrentControlSet\Services\WinSock2\Parameters\Protocol_Catalog9\Catalog_Entries\000000000002\PackedCatalogItem,Return=0
27262000,RegQueryValue,hKey=HKEY_LOCAL_MACHINE\System\CurrentControlSet\Services\WinSock2\Parameters\Protocol_Catalog9\Catalog_Entries\000000000002\PackedCatalogItem,Return=0
27264000,RegQueryValue,hKey=HKEY_LOCAL_MACHINE\System\CurrentControlSet\Services\WinSock2\Parameters\Protocol_Catalog9\Catalog_Entries\000000000003\PackedCatalogItem,Return=0
27264000,RegQueryValue,hKey=HKEY_LOCAL_MACHINE\System\CurrentControlSet\Services\WinSock2\Parameters\Protocol_Catalog9\Catalog_Entries\000000000003\PackedCatalogItem,Return=0
27265000,RegQueryValue,hKey=HKEY_LOCAL_MACHINE\System\CurrentControlSet\Services\WinSock2\Parameters\Protocol_Catalog9\Catalog_Entries\000000000004\PackedCatalogItem,Return=0
27265000,RegQueryValue,hKey=HKEY_LOCAL_MACHINE\System\CurrentControlSet\Services\WinSock2\Parameters\Protocol_Catalog9\Catalog_Entries\000000000004\PackedCatalogItem,Return=0
27266000,RegQueryValue,hKey=HKEY_LOCAL_MACHINE\System\CurrentControlSet\Services\WinSock2\Parameters\Protocol_Catalog9\Catalog_Entries\000000000005\PackedCatalogItem,Return=0
27266000,RegQueryValue,hKey=HKEY_LOCAL_MACHINE\System\CurrentControlSet\Services\WinSock2\Parameters\Protocol_Catalog9\Catalog_Entries\000000000005\PackedCatalogItem,Return=0
27269000,RegQueryValue,hKey=HKEY_LOCAL_MACHINE\System\CurrentControlSet\Services\WinSock2\Parameters\Protocol_Catalog9\Catalog_Entries\000000000006\PackedCatalogItem,Return=0
27269000,RegQueryValue,hKey=HKEY_LOCAL_MACHINE\System\CurrentControlSet\Services\WinSock2\Parameters\Protocol_Catalog9\Catalog_Entries\000000000006\PackedCatalogItem,Return=0
27270000,RegQueryValue,hKey=HKEY_LOCAL_MACHINE\System\CurrentControlSet\Services\WinSock2\Parameters\Protocol_Catalog9\Catalog_Entries\000000000007\PackedCatalogItem,Return=0
27270000,RegQueryValue,hKey=HKEY_LOCAL_MACHINE\System\CurrentControlSet\Services\WinSock2\Parameters\Protocol_Catalog9\Catalog_Entries\000000000007\PackedCatalogItem,Return=0
27271000,RegQueryValue,hKey=HKEY_LOCAL_MACHINE\System\CurrentControlSet\Services\WinSock2\Parameters\Protocol_Catalog9\Catalog_Entries\000000000008\PackedCatalogItem,Return=0
27272000,RegQueryValue,hKey=HKEY_LOCAL_MACHINE\System\CurrentControlSet\Services\WinSock2\Parameters\Protocol_Catalog9\Catalog_Entries\000000000008\PackedCatalogItem,Return=0
27273000,RegQueryValue,hKey=HKEY_LOCAL_MACHINE\System\CurrentControlSet\Services\WinSock2\Parameters\Protocol_Catalog9\Catalog_Entries\000000000009\PackedCatalogItem,Return=0
27273000,RegQueryValue,hKey=HKEY_LOCAL_MACHINE\System\CurrentControlSet\Services\WinSock2\Parameters\Protocol_Catalog9\Catalog_Entries\000000000009\PackedCatalogItem,Return=0
27274000,RegQueryValue,hKey=HKEY_LOCAL_MACHINE\System\CurrentControlSet\Services\WinSock2\Parameters\Protocol_Catalog9\Catalog_Entries\000000000010\PackedCatalogItem,Return=0
27274000,RegQueryValue,hKey=HKEY_LOCAL_MACHINE\System\CurrentControlSet\Services\WinSock2\Parameters\Protocol_Catalog9\Catalog_Entries\000000000010\PackedCatalogItem,Return=0
27276000,RegQueryValue,hKey=HKEY_LOCAL_MACHINE\System\CurrentControlSet\Services\WinSock2\Parameters\Protocol_Catalog9\Catalog_Entries\000000000011\PackedCatalogItem,Return=0
27276000,RegQueryValue,hKey=HKEY_LOCAL_MACHINE\System\CurrentControlSet\Services\WinSock2\Parameters\Protocol_Catalog9\Catalog_Entries\000000000011\PackedCatalogItem,Return=0
27277000,RegQueryValue,hKey=HKEY_LOCAL_MACHINE\System\CurrentControlSet\Services\WinSock2\Parameters\Protocol_Catalog9\Catalog_Entries\000000000012\PackedCatalogItem,Return=0
27277000,RegQueryValue,hKey=HKEY_LOCAL_MACHINE\System\CurrentControlSet\Services\WinSock2\Parameters\Protocol_Catalog9\Catalog_Entries\000000000012\PackedCatalogItem,Return=0
27278000,RegQueryValue,hKey=HKEY_LOCAL_MACHINE\System\CurrentControlSet\Services\WinSock2\Parameters\Protocol_Catalog9\Catalog_Entries\000000000013\PackedCatalogItem,Return=0
27278000,RegQueryValue,hKey=HKEY_LOCAL_MACHINE\System\CurrentControlSet\Services\WinSock2\Parameters\Protocol_Catalog9\Catalog_Entries\000000000013\PackedCatalogItem,Return=0
27283000,RegQueryValue,hKey=HKEY_LOCAL_MACHINE\System\CurrentControlSet\Services\WinSock2\Parameters\NameSpace_Catalog5\Serial_Access_Num,Return=0
27283000,RegQueryValue,hKey=HKEY_LOCAL_MACHINE\System\CurrentControlSet\Services\WinSock2\Parameters\NameSpace_Catalog5\Serial_Access_Num,Return=0
27284000,RegQueryValue,hKey=HKEY_LOCAL_MACHINE\System\CurrentControlSet\Services\WinSock2\Parameters\NameSpace_Catalog5\Num_Catalog_Entries,Return=0
27285000,RegQueryValue,hKey=HKEY_LOCAL_MACHINE\System\CurrentControlSet\Services\WinSock2\Parameters\NameSpace_Catalog5\Catalog_Entries\000000000001\LibraryPath,Return=0
27292000,RegQueryValue,hKey=HKEY_LOCAL_MACHINE\System\CurrentControlSet\Services\WinSock2\Parameters\NameSpace_Catalog5\Catalog_Entries\000000000001\DisplayString,Return=0
27292000,RegQueryValue,hKey=HKEY_LOCAL_MACHINE\System\CurrentControlSet\Services\WinSock2\Parameters\NameSpace_Catalog5\Catalog_Entries\000000000001\DisplayString,Return=0
27292000,RegQueryValue,hKey=HKEY_LOCAL_MACHINE\System\CurrentControlSet\Services\WinSock2\Parameters\NameSpace_Catalog5\Catalog_Entries\000000000001\ProviderId,Return=0
27293000,RegQueryValue,hKey=HKEY_LOCAL_MACHINE\System\CurrentControlSet\Services\WinSock2\Parameters\NameSpace_Catalog5\Catalog_Entries\000000000001\AddressFamily,Return=2
27293000,RegQueryValue,hKey=HKEY_LOCAL_MACHINE\System\CurrentControlSet\Services\WinSock2\Parameters\NameSpace_Catalog5\Catalog_Entries\000000000001\SupportedNameSpace,Return=0
27293000,RegQueryValue,hKey=HKEY_LOCAL_MACHINE\System\CurrentControlSet\Services\WinSock2\Parameters\NameSpace_Catalog5\Catalog_Entries\000000000001\Enabled,Return=0
27293000,RegQueryValue,hKey=HKEY_LOCAL_MACHINE\System\CurrentControlSet\Services\WinSock2\Parameters\NameSpace_Catalog5\Catalog_Entries\000000000001\Version,Return=0
27293000,RegQueryValue,hKey=HKEY_LOCAL_MACHINE\System\CurrentControlSet\Services\WinSock2\Parameters\NameSpace_Catalog5\Catalog_Entries\000000000001\StoresServiceClassInfo,Return=0
27294000,RegQueryValue,hKey=HKEY_LOCAL_MACHINE\System\CurrentControlSet\Services\WinSock2\Parameters\NameSpace_Catalog5\Catalog_Entries\000000000002\LibraryPath,Return=0
27301000,RegQueryValue,hKey=HKEY_LOCAL_MACHINE\System\CurrentControlSet\Services\WinSock2\Parameters\NameSpace_Catalog5\Catalog_Entries\000000000002\DisplayString,Return=0
27301000,RegQueryValue,hKey=HKEY_LOCAL_MACHINE\System\CurrentControlSet\Services\WinSock2\Parameters\NameSpace_Catalog5\Catalog_Entries\000000000002\DisplayString,Return=0
27302000,RegQueryValue,hKey=HKEY_LOCAL_MACHINE\System\CurrentControlSet\Services\WinSock2\Parameters\NameSpace_Catalog5\Catalog_Entries\000000000002\ProviderId,Return=0
27302000,RegQueryValue,hKey=HKEY_LOCAL_MACHINE\System\CurrentControlSet\Services\WinSock2\Parameters\NameSpace_Catalog5\Catalog_Entries\000000000002\AddressFamily,Return=2
27302000,RegQueryValue,hKey=HKEY_LOCAL_MACHINE\System\CurrentControlSet\Services\WinSock2\Parameters\NameSpace_Catalog5\Catalog_Entries\000000000002\SupportedNameSpace,Return=0
27302000,RegQueryValue,hKey=HKEY_LOCAL_MACHINE\System\CurrentControlSet\Services\WinSock2\Parameters\NameSpace_Catalog5\Catalog_Entries\000000000002\Enabled,Return=0
27302000,RegQueryValue,hKey=HKEY_LOCAL_MACHINE\System\CurrentControlSet\Services\WinSock2\Parameters\NameSpace_Catalog5\Catalog_Entries\000000000002\Version,Return=0
27303000,RegQueryValue,hKey=HKEY_LOCAL_MACHINE\System\CurrentControlSet\Services\WinSock2\Parameters\NameSpace_Catalog5\Catalog_Entries\000000000002\StoresServiceClassInfo,Return=0
27303000,RegQueryValue,hKey=HKEY_LOCAL_MACHINE\System\CurrentControlSet\Services\WinSock2\Parameters\NameSpace_Catalog5\Catalog_Entries\000000000003\LibraryPath,Return=0
27309000,RegQueryValue,hKey=HKEY_LOCAL_MACHINE\System\CurrentControlSet\Services\WinSock2\Parameters\NameSpace_Catalog5\Catalog_Entries\000000000003\DisplayString,Return=0
27309000,RegQueryValue,hKey=HKEY_LOCAL_MACHINE\System\CurrentControlSet\Services\WinSock2\Parameters\NameSpace_Catalog5\Catalog_Entries\000000000003\DisplayString,Return=0
27310000,RegQueryValue,hKey=HKEY_LOCAL_MACHINE\System\CurrentControlSet\Services\WinSock2\Parameters\NameSpace_Catalog5\Catalog_Entries\000000000003\ProviderId,Return=0
27310000,RegQueryValue,hKey=HKEY_LOCAL_MACHINE\System\CurrentControlSet\Services\WinSock2\Parameters\NameSpace_Catalog5\Catalog_Entries\000000000003\AddressFamily,Return=2
27310000,RegQueryValue,hKey=HKEY_LOCAL_MACHINE\System\CurrentControlSet\Services\WinSock2\Parameters\NameSpace_Catalog5\Catalog_Entries\000000000003\SupportedNameSpace,Return=0
27310000,RegQueryValue,hKey=HKEY_LOCAL_MACHINE\System\CurrentControlSet\Services\WinSock2\Parameters\NameSpace_Catalog5\Catalog_Entries\000000000003\Enabled,Return=0
27310000,RegQueryValue,hKey=HKEY_LOCAL_MACHINE\System\CurrentControlSet\Services\WinSock2\Parameters\NameSpace_Catalog5\Catalog_Entries\000000000003\Version,Return=0
27310000,RegQueryValue,hKey=HKEY_LOCAL_MACHINE\System\CurrentControlSet\Services\WinSock2\Parameters\NameSpace_Catalog5\Catalog_Entries\000000000003\StoresServiceClassInfo,Return=0
27311000,RegQueryValue,hKey=HKEY_LOCAL_MACHINE\System\CurrentControlSet\Services\Winsock2\Parameters\Ws2_32NumHandleBuckets,Return=2
27320000,LoadLibrary,lpFileName=ws2_32,Return=71ab0000
25263000,InternetOpen,lpszAgent=Alina,v3.4,Return=cc0004
27355000,InternetConnect,lpszServerName=someligeoas.com,Return=cc0008
27367000,RegQueryValue,hKey=HKEY_LOCAL_MACHINE\Software\Microsoft\Internet,Explorer\Main\FeatureControl\FEATURE_MIME_HANDLING\malware.exe,Return=2
27368000,RegQueryValue,hKey=HKEY_LOCAL_MACHINE\Software\Microsoft\Internet,Explorer\Main\FeatureControl\FEATURE_MIME_HANDLING\*,Return=2
27522000,RegQueryValue,hKey=HKEY_LOCAL_MACHINE\System\CurrentControlSet\Control\MediaProperties\PrivateProperties\Joystick\Winmm\wheel,Return=0
27561000,LoadLibrary,lpFileName=comctl32.dll,Return=773d0000
27591000,RegQueryValue,hKey=HKEY_LOCAL_MACHINE\Software\Microsoft\Windows\CurrentVersion\Telephony\Tapi32MaxNumRequestRetries,Return=2
27592000,RegQueryValue,hKey=HKEY_LOCAL_MACHINE\Software\Microsoft\Windows\CurrentVersion\Telephony\Tapi32RequestRetryTimeout,Return=2
27594000,LoadLibrary,lpFileName=RASAPI32.DLL,Return=76ee0000
27384000,LoadLibrary,lpFileName=RASAPI32.DLL,Return=76ee0000
27660000,LoadLibrary,lpFileName=RTUTILS.DLL,Return=76e80000
27680000,RegCreateKey,hKey=HKEY_LOCAL_MACHINE\Software\Microsoft\Tracing,Return=0
27681000,RegQueryValue,hKey=10c\EnableConsoleTracing,Return=0
27682000,RegQueryValue,hKey=HKEY_LOCAL_MACHINE\Software\Microsoft\Tracing\RASAPI32\EnableFileTracing,Return=0
27683000,RegQueryValue,hKey=HKEY_LOCAL_MACHINE\Software\Microsoft\Tracing\RASAPI32\FileTracingMask,Return=0
27683000,RegQueryValue,hKey=HKEY_LOCAL_MACHINE\Software\Microsoft\Tracing\RASAPI32\EnableConsoleTracing,Return=0
27683000,RegQueryValue,hKey=HKEY_LOCAL_MACHINE\Software\Microsoft\Tracing\RASAPI32\ConsoleTracingMask,Return=0
27683000,RegQueryValue,hKey=HKEY_LOCAL_MACHINE\Software\Microsoft\Tracing\RASAPI32\MaxFileSize,Return=0
27683000,RegQueryValue,hKey=HKEY_LOCAL_MACHINE\Software\Microsoft\Tracing\RASAPI32\FileDirectory,Return=0
27686000,RegQueryValue,hKey=HKEY_LOCAL_MACHINE\Software\Microsoft\Tracing\RASAPI32\EnableFileTracing,Return=0
27686000,RegQueryValue,hKey=HKEY_LOCAL_MACHINE\Software\Microsoft\Tracing\RASAPI32\FileTracingMask,Return=0
27686000,RegQueryValue,hKey=HKEY_LOCAL_MACHINE\Software\Microsoft\Tracing\RASAPI32\EnableConsoleTracing,Return=0
27687000,RegQueryValue,hKey=HKEY_LOCAL_MACHINE\Software\Microsoft\Tracing\RASAPI32\ConsoleTracingMask,Return=0
27687000,RegQueryValue,hKey=HKEY_LOCAL_MACHINE\Software\Microsoft\Tracing\RASAPI32\MaxFileSize,Return=0
27687000,RegQueryValue,hKey=HKEY_LOCAL_MACHINE\Software\Microsoft\Tracing\RASAPI32\FileDirectory,Return=0
27690000,RegQueryValue,hKey=HKEY_LOCAL_MACHINE\Software\Microsoft\Rpc\MaxRpcSize,Return=2
27696000,LoadLibrary,lpFileName=rpcrt4.dll,Return=77e70000
27733000,RegQueryValue,hKey=5c\EnableAutodial,Return=2
27770000,LoadLibrary,lpFileName=sensapi.dll,Return=722b0000
27808000,CreateFile,hName=\\.\PIPE\lsarpc,desiredAccess=GENERIC_READ,GENERIC_WRITE,creationDisposition=OPEN_EXISTING,Return=148
27822000,LoadLibrary,lpFileName=ntdll.dll,Return=7c900000
27826000,RegQueryValue,hKey=HKEY_USERS\S-1-5-21-448539723-115176313-1177238915-1003\Software\Microsoft\windows\CurrentVersion\Internet,Settings\MigrateProxy,Return=0
27828000,LoadLibrary,lpFileName=SHELL32.dll,Return=7c9c0000
27831000,RegCreateKey,hKey=HKEY_LOCAL_MACHINE\Software\Microsoft\Windows\CurrentVersion\Explorer\User,Shell,Folders,Return=0
27831000,RegQueryValue,hKey=154\Common,AppData,Return=0
27860000,RegQueryValue,hKey=HKEY_LOCAL_MACHINE\Software\Microsoft\Windows,NT\CurrentVersion\winlogon\UserEnvDebugLevel,Return=2
27861000,RegQueryValue,hKey=HKEY_LOCAL_MACHINE\Software\Microsoft\Windows,NT\CurrentVersion\winlogon\ChkAccDebugLevel,Return=2
27863000,RegQueryValue,hKey=HKEY_LOCAL_MACHINE\System\CurrentControlSet\Control\ProductOptions\ProductType,Return=0
27876000,RegQueryValue,hKey=HKEY_CURRENT_USER\Software\Microsoft\Windows\CurrentVersion\Explorer\User,Shell,Folders\Personal,Return=0
27877000,RegQueryValue,hKey=HKEY_CURRENT_USER\Software\Microsoft\Windows\CurrentVersion\Explorer\User,Shell,Folders\Local,Settings,Return=0
27883000,RegQueryValue,hKey=HKEY_LOCAL_MACHINE\Software\Microsoft\Windows,NT\CurrentVersion\winlogon\RsopDebugLevel,Return=2
27884000,RegQueryValue,hKey=HKEY_LOCAL_MACHINE\Software\Microsoft\Windows,NT\CurrentVersion\winlogon\UserEnvDebugLevel,Return=2
27884000,RegQueryValue,hKey=HKEY_LOCAL_MACHINE\Software\Microsoft\Windows,NT\CurrentVersion\winlogon\RsopLogging,Return=2
27886000,RegQueryValue,hKey=HKEY_LOCAL_MACHINE\Software\Microsoft\Windows,NT\CurrentVersion\winlogon\UserEnvDebugLevel,Return=2
27831000,LoadLibrary,lpFileName=USERENV.dll,Return=769c0000
27895000,RegQueryValue,hKey=HKEY_LOCAL_MACHINE\Software\Microsoft\Windows,NT\CurrentVersion\ProfileList\ProfilesDirectory,Return=0
27897000,RegQueryValue,hKey=HKEY_LOCAL_MACHINE\Software\Microsoft\Windows,NT\CurrentVersion\ProfileList\AllUsersProfile,Return=0
27900000,RegEnumValue,hKey=HKEY_LOCAL_MACHINE\System\CurrentControlSet\Control\Session,Manager\Environment\ComS,Return=0,type=REG_EXPAND_SZ,data=%
27900000,RegEnumValue,hKey=HKEY_LOCAL_MACHINE\System\CurrentControlSet\Control\Session,Manager\Environment\Pa,Return=0,type=REG_EXPAND_SZ,data=C
27901000,RegEnumValue,hKey=HKEY_LOCAL_MACHINE\System\CurrentControlSet\Control\Session,Manager\Environment\win,Return=0,type=REG_EXPAND_SZ,data=%
27901000,RegEnumValue,hKey=HKEY_LOCAL_MACHINE\System\CurrentControlSet\Control\Session,Manager\Environment\FP_NO_HO,Return=0,type=REG_SZ,data=NO
27902000,RegEnumValue,hKey=HKEY_LOCAL_MACHINE\System\CurrentControlSet\Control\Session,Manager\Environment\O,Return=0,type=REG_SZ,data=Windows_NT
27904000,RegEnumValue,hKey=HKEY_LOCAL_MACHINE\System\CurrentControlSet\Control\Session,Manager\Environment\PROCESSOR_A,Return=0,type=REG_SZ,data=x86
27906000,RegEnumValue,hKey=HKEY_LOCAL_MACHINE\System\CurrentControlSet\Control\Session,Manager\Environment\PROCESSO,Return=0,type=REG_SZ,data=6
27909000,RegEnumValue,hKey=HKEY_LOCAL_MACHINE\System\CurrentControlSet\Control\Session,Manager\Environment\PROCESSOR_,Return=0,type=REG_SZ,data=x86,Family,6,Model,3,Stepping,3,,GenuineIntel
27911000,RegEnumValue,hKey=HKEY_LOCAL_MACHINE\System\CurrentControlSet\Control\Session,Manager\Environment\PROCESSOR,Return=0,type=REG_SZ,data=0303
27914000,RegEnumValue,hKey=HKEY_LOCAL_MACHINE\System\CurrentControlSet\Control\Session,Manager\Environment\NUMBER_OF_,Return=0,type=REG_SZ,data=1
27916000,RegEnumValue,hKey=HKEY_LOCAL_MACHINE\System\CurrentControlSet\Control\Session,Manager\Environment\PATH,Return=0,type=REG_SZ,data=.COM;.EXE;.BAT;.CMD;.VBS;.VBE;.JS;.JSE;.WSF;.WSH
27919000,RegEnumValue,hKey=HKEY_LOCAL_MACHINE\System\CurrentControlSet\Control\Session,Manager\Environment\TE,Return=0,type=REG_EXPAND_SZ,data=%
27920000,RegEnumValue,hKey=HKEY_LOCAL_MACHINE\System\CurrentControlSet\Control\Session,Manager\Environment\TM,Return=0,type=REG_EXPAND_SZ,data=%
27920000,RegEnumValue,hKey=HKEY_LOCAL_MACHINE\System\CurrentControlSet\Control\Session,Manager\Environment\ComS,Return=0,type=REG_EXPAND_SZ,data=%
27925000,RegEnumValue,hKey=HKEY_LOCAL_MACHINE\System\CurrentControlSet\Control\Session,Manager\Environment\Pa,Return=0,type=REG_EXPAND_SZ,data=C
27932000,RegEnumValue,hKey=HKEY_LOCAL_MACHINE\System\CurrentControlSet\Control\Session,Manager\Environment\win,Return=0,type=REG_EXPAND_SZ,data=%
27938000,RegEnumValue,hKey=HKEY_LOCAL_MACHINE\System\CurrentControlSet\Control\Session,Manager\Environment\FP_NO_HO,Return=0,type=REG_SZ,data=NO
27938000,RegEnumValue,hKey=HKEY_LOCAL_MACHINE\System\CurrentControlSet\Control\Session,Manager\Environment\O,Return=0,type=REG_SZ,data=Windows_NT
27938000,RegEnumValue,hKey=HKEY_LOCAL_MACHINE\System\CurrentControlSet\Control\Session,Manager\Environment\PROCESSOR_A,Return=0,type=REG_SZ,data=x86
27938000,RegEnumValue,hKey=HKEY_LOCAL_MACHINE\System\CurrentControlSet\Control\Session,Manager\Environment\PROCESSO,Return=0,type=REG_SZ,data=6
27938000,RegEnumValue,hKey=HKEY_LOCAL_MACHINE\System\CurrentControlSet\Control\Session,Manager\Environment\PROCESSOR_,Return=0,type=REG_SZ,data=x86,Family,6,Model,3,Stepping,3,,GenuineIntel
27938000,RegEnumValue,hKey=HKEY_LOCAL_MACHINE\System\CurrentControlSet\Control\Session,Manager\Environment\PROCESSOR,Return=0,type=REG_SZ,data=0303
27939000,RegEnumValue,hKey=HKEY_LOCAL_MACHINE\System\CurrentControlSet\Control\Session,Manager\Environment\NUMBER_OF_,Return=0,type=REG_SZ,data=1
27939000,RegEnumValue,hKey=HKEY_LOCAL_MACHINE\System\CurrentControlSet\Control\Session,Manager\Environment\PATH,Return=0,type=REG_SZ,data=.COM;.EXE;.BAT;.CMD;.VBS;.VBE;.JS;.JSE;.WSF;.WSH
27939000,RegEnumValue,hKey=HKEY_LOCAL_MACHINE\System\CurrentControlSet\Control\Session,Manager\Environment\TE,Return=0,type=REG_EXPAND_SZ,data=%
27945000,RegEnumValue,hKey=HKEY_LOCAL_MACHINE\System\CurrentControlSet\Control\Session,Manager\Environment\TM,Return=0,type=REG_EXPAND_SZ,data=%
27958000,RegQueryValue,hKey=HKEY_LOCAL_MACHINE\Software\Microsoft\Windows,NT\CurrentVersion\ProfileList\ProfilesDirectory,Return=0
27960000,RegQueryValue,hKey=HKEY_LOCAL_MACHINE\Software\Microsoft\Windows,NT\CurrentVersion\ProfileList\DefaultUserProfile,Return=0
27965000,RegQueryValue,hKey=HKEY_LOCAL_MACHINE\Software\Microsoft\Windows\CurrentVersion\ProgramFilesDir,Return=0
27969000,RegQueryValue,hKey=HKEY_LOCAL_MACHINE\Software\Microsoft\Windows\CurrentVersion\CommonFilesDir,Return=0
27980000,CreateFile,hName=\\.\PIPE\lsarpc,desiredAccess=GENERIC_READ,GENERIC_WRITE,creationDisposition=OPEN_EXISTING,Return=164
27996000,CreateFile,hName=\\.\PIPE\lsarpc,desiredAccess=GENERIC_READ,GENERIC_WRITE,creationDisposition=OPEN_EXISTING,Return=160
28007000,LoadLibrary,lpFileName=netapi32.dll,Return=5b860000
28029000,CreateFile,hName=\\.\PIPE\lsarpc,desiredAccess=GENERIC_READ,GENERIC_WRITE,creationDisposition=OPEN_EXISTING,Return=164
28048000,RegQueryValue,hKey=HKEY_LOCAL_MACHINE\Software\Microsoft\Windows,NT\CurrentVersion\ProfileList\S-1-5-21-448539723-115176313-1177238915-1003\ProfileImagePath,Return=0
28054000,RegCreateKey,hKey=HKEY_USERS\S-1-5-21-448539723-115176313-1177238915-1003\Software\Microsoft\Windows,NT\CurrentVersion\Winlogon,Return=0
28055000,RegQueryValue,hKey=164\ParseAutoexec,Return=0
28055000,CreateFile,hName=c:\autoexec.bat,desiredAccess=GENERIC_READ,creationDisposition=OPEN_EXISTING,Return=164
28058000,RegEnumValue,hKey=HKEY_USERS\S-1-5-21-448539723-115176313-1177238915-1003\Environment\TE,Return=0,type=REG_EXPAND_SZ,data=%
28058000,RegEnumValue,hKey=HKEY_USERS\S-1-5-21-448539723-115176313-1177238915-1003\Environment\TM,Return=0,type=REG_EXPAND_SZ,data=%
28058000,RegEnumValue,hKey=HKEY_USERS\S-1-5-21-448539723-115176313-1177238915-1003\Environment\TE,Return=0,type=REG_EXPAND_SZ,data=%
28069000,RegEnumValue,hKey=HKEY_USERS\S-1-5-21-448539723-115176313-1177238915-1003\Environment\TM,Return=0,type=REG_EXPAND_SZ,data=%
28082000,RegEnumValue,hKey=HKEY_USERS\S-1-5-21-448539723-115176313-1177238915-1003\Volatile,Environment\LOGON,Return=0,type=REG_SZ,data=\\ANTS-3321DA9DA7
28087000,RegEnumValue,hKey=HKEY_USERS\S-1-5-21-448539723-115176313-1177238915-1003\Volatile,Environment\CLIEN,Return=0,type=REG_SZ,data=Console
28093000,RegEnumValue,hKey=HKEY_USERS\S-1-5-21-448539723-115176313-1177238915-1003\Volatile,Environment\SESSI,Return=0,type=REG_SZ,data=Console
28098000,RegEnumValue,hKey=HKEY_USERS\S-1-5-21-448539723-115176313-1177238915-1003\Volatile,Environment\APPD,Return=0,type=REG_SZ,data=C:\Documents,and,Settings\ants\Application,Data
28106000,RegEnumValue,hKey=HKEY_USERS\S-1-5-21-448539723-115176313-1177238915-1003\Volatile,Environment\HOME,Return=0,type=REG_SZ,data=C:
28112000,RegEnumValue,hKey=HKEY_USERS\S-1-5-21-448539723-115176313-1177238915-1003\Volatile,Environment\HOME,Return=0,type=REG_SZ,data=
28118000,RegEnumValue,hKey=HKEY_USERS\S-1-5-21-448539723-115176313-1177238915-1003\Volatile,Environment\HOME,Return=0,type=REG_SZ,data=\Documents,and,Settings\ants
28124000,RegEnumValue,hKey=HKEY_USERS\S-1-5-21-448539723-115176313-1177238915-1003\Volatile,Environment\LOGON,Return=0,type=REG_SZ,data=\\ANTS-3321DA9DA7
28124000,RegEnumValue,hKey=HKEY_USERS\S-1-5-21-448539723-115176313-1177238915-1003\Volatile,Environment\CLIEN,Return=0,type=REG_SZ,data=Console
28124000,RegEnumValue,hKey=HKEY_USERS\S-1-5-21-448539723-115176313-1177238915-1003\Volatile,Environment\SESSI,Return=0,type=REG_SZ,data=Console
28124000,RegEnumValue,hKey=HKEY_USERS\S-1-5-21-448539723-115176313-1177238915-1003\Volatile,Environment\APPD,Return=0,type=REG_SZ,data=C:\Documents,and,Settings\ants\Application,Data
28124000,RegEnumValue,hKey=HKEY_USERS\S-1-5-21-448539723-115176313-1177238915-1003\Volatile,Environment\HOME,Return=0,type=REG_SZ,data=C:
28125000,RegEnumValue,hKey=HKEY_USERS\S-1-5-21-448539723-115176313-1177238915-1003\Volatile,Environment\HOME,Return=0,type=REG_SZ,data=
28125000,RegEnumValue,hKey=HKEY_USERS\S-1-5-21-448539723-115176313-1177238915-1003\Volatile,Environment\HOME,Return=0,type=REG_SZ,data=\Documents,and,Settings\ants
28130000,RegCreateKey,hKey=HKEY_LOCAL_MACHINE\Software\Microsoft\Windows\CurrentVersion\Explorer\Shell,Folders,Return=0
28130000,RegSetValue,hKey=154\Common,AppData,type=REG_SZ,data=C:\Documents,and,Settings\All,Users\Application,Data,Return=0
28137000,RegCreateKey,hKey=HKEY_USERS\S-1-5-21-448539723-115176313-1177238915-1003\Software\Microsoft\Windows\CurrentVersion\Explorer\User,Shell,Folders,Return=0
28137000,RegQueryValue,hKey=15c\AppData,Return=0
28144000,RegQueryValue,hKey=HKEY_LOCAL_MACHINE\Software\Microsoft\Windows,NT\CurrentVersion\ProfileList\ProfilesDirectory,Return=0
28146000,RegQueryValue,hKey=HKEY_LOCAL_MACHINE\Software\Microsoft\Windows,NT\CurrentVersion\ProfileList\AllUsersProfile,Return=0
28149000,RegEnumValue,hKey=HKEY_LOCAL_MACHINE\System\CurrentControlSet\Control\Session,Manager\Environment\ComS,Return=0,type=REG_EXPAND_SZ,data=%
28149000,RegEnumValue,hKey=HKEY_LOCAL_MACHINE\System\CurrentControlSet\Control\Session,Manager\Environment\Pa,Return=0,type=REG_EXPAND_SZ,data=C
28149000,RegEnumValue,hKey=HKEY_LOCAL_MACHINE\System\CurrentControlSet\Control\Session,Manager\Environment\win,Return=0,type=REG_EXPAND_SZ,data=%
28149000,RegEnumValue,hKey=HKEY_LOCAL_MACHINE\System\CurrentControlSet\Control\Session,Manager\Environment\FP_NO_HO,Return=0,type=REG_SZ,data=NO
28151000,RegEnumValue,hKey=HKEY_LOCAL_MACHINE\System\CurrentControlSet\Control\Session,Manager\Environment\O,Return=0,type=REG_SZ,data=Windows_NT
28153000,RegEnumValue,hKey=HKEY_LOCAL_MACHINE\System\CurrentControlSet\Control\Session,Manager\Environment\PROCESSOR_A,Return=0,type=REG_SZ,data=x86
28156000,RegEnumValue,hKey=HKEY_LOCAL_MACHINE\System\CurrentControlSet\Control\Session,Manager\Environment\PROCESSO,Return=0,type=REG_SZ,data=6
28158000,RegEnumValue,hKey=HKEY_LOCAL_MACHINE\System\CurrentControlSet\Control\Session,Manager\Environment\PROCESSOR_,Return=0,type=REG_SZ,data=x86,Family,6,Model,3,Stepping,3,,GenuineIntel
28161000,RegEnumValue,hKey=HKEY_LOCAL_MACHINE\System\CurrentControlSet\Control\Session,Manager\Environment\PROCESSOR,Return=0,type=REG_SZ,data=0303
28163000,RegEnumValue,hKey=HKEY_LOCAL_MACHINE\System\CurrentControlSet\Control\Session,Manager\Environment\NUMBER_OF_,Return=0,type=REG_SZ,data=1
28166000,RegEnumValue,hKey=HKEY_LOCAL_MACHINE\System\CurrentControlSet\Control\Session,Manager\Environment\PATH,Return=0,type=REG_SZ,data=.COM;.EXE;.BAT;.CMD;.VBS;.VBE;.JS;.JSE;.WSF;.WSH
28169000,RegEnumValue,hKey=HKEY_LOCAL_MACHINE\System\CurrentControlSet\Control\Session,Manager\Environment\TE,Return=0,type=REG_EXPAND_SZ,data=%
28169000,RegEnumValue,hKey=HKEY_LOCAL_MACHINE\System\CurrentControlSet\Control\Session,Manager\Environment\TM,Return=0,type=REG_EXPAND_SZ,data=%
28169000,RegEnumValue,hKey=HKEY_LOCAL_MACHINE\System\CurrentControlSet\Control\Session,Manager\Environment\ComS,Return=0,type=REG_EXPAND_SZ,data=%
28175000,RegEnumValue,hKey=HKEY_LOCAL_MACHINE\System\CurrentControlSet\Control\Session,Manager\Environment\Pa,Return=0,type=REG_EXPAND_SZ,data=C
28183000,RegEnumValue,hKey=HKEY_LOCAL_MACHINE\System\CurrentControlSet\Control\Session,Manager\Environment\win,Return=0,type=REG_EXPAND_SZ,data=%
28192000,RegEnumValue,hKey=HKEY_LOCAL_MACHINE\System\CurrentControlSet\Control\Session,Manager\Environment\FP_NO_HO,Return=0,type=REG_SZ,data=NO
28193000,RegEnumValue,hKey=HKEY_LOCAL_MACHINE\System\CurrentControlSet\Control\Session,Manager\Environment\O,Return=0,type=REG_SZ,data=Windows_NT
28193000,RegEnumValue,hKey=HKEY_LOCAL_MACHINE\System\CurrentControlSet\Control\Session,Manager\Environment\PROCESSOR_A,Return=0,type=REG_SZ,data=x86
28193000,RegEnumValue,hKey=HKEY_LOCAL_MACHINE\System\CurrentControlSet\Control\Session,Manager\Environment\PROCESSO,Return=0,type=REG_SZ,data=6
28193000,RegEnumValue,hKey=HKEY_LOCAL_MACHINE\System\CurrentControlSet\Control\Session,Manager\Environment\PROCESSOR_,Return=0,type=REG_SZ,data=x86,Family,6,Model,3,Stepping,3,,GenuineIntel
28193000,RegEnumValue,hKey=HKEY_LOCAL_MACHINE\System\CurrentControlSet\Control\Session,Manager\Environment\PROCESSOR,Return=0,type=REG_SZ,data=0303
28193000,RegEnumValue,hKey=HKEY_LOCAL_MACHINE\System\CurrentControlSet\Control\Session,Manager\Environment\NUMBER_OF_,Return=0,type=REG_SZ,data=1
28193000,RegEnumValue,hKey=HKEY_LOCAL_MACHINE\System\CurrentControlSet\Control\Session,Manager\Environment\PATH,Return=0,type=REG_SZ,data=.COM;.EXE;.BAT;.CMD;.VBS;.VBE;.JS;.JSE;.WSF;.WSH
28193000,RegEnumValue,hKey=HKEY_LOCAL_MACHINE\System\CurrentControlSet\Control\Session,Manager\Environment\TE,Return=0,type=REG_EXPAND_SZ,data=%
28211000,RegEnumValue,hKey=HKEY_LOCAL_MACHINE\System\CurrentControlSet\Control\Session,Manager\Environment\TM,Return=0,type=REG_EXPAND_SZ,data=%
28243000,RegQueryValue,hKey=HKEY_LOCAL_MACHINE\Software\Microsoft\Windows,NT\CurrentVersion\ProfileList\ProfilesDirectory,Return=0
28245000,RegQueryValue,hKey=HKEY_LOCAL_MACHINE\Software\Microsoft\Windows,NT\CurrentVersion\ProfileList\DefaultUserProfile,Return=0
28249000,RegQueryValue,hKey=HKEY_LOCAL_MACHINE\Software\Microsoft\Windows\CurrentVersion\ProgramFilesDir,Return=0
28253000,RegQueryValue,hKey=HKEY_LOCAL_MACHINE\Software\Microsoft\Windows\CurrentVersion\CommonFilesDir,Return=0
28264000,CreateFile,hName=\\.\PIPE\lsarpc,desiredAccess=GENERIC_READ,GENERIC_WRITE,creationDisposition=OPEN_EXISTING,Return=160
28280000,CreateFile,hName=\\.\PIPE\lsarpc,desiredAccess=GENERIC_READ,GENERIC_WRITE,creationDisposition=OPEN_EXISTING,Return=164
28306000,RegQueryValue,hKey=HKEY_LOCAL_MACHINE\Software\Microsoft\Windows,NT\CurrentVersion\ProfileList\S-1-5-21-448539723-115176313-1177238915-1003\ProfileImagePath,Return=0
28312000,RegCreateKey,hKey=HKEY_USERS\S-1-5-21-448539723-115176313-1177238915-1003\Software\Microsoft\Windows,NT\CurrentVersion\Winlogon,Return=0
28313000,RegQueryValue,hKey=164\ParseAutoexec,Return=0
28314000,CreateFile,hName=c:\autoexec.bat,desiredAccess=GENERIC_READ,creationDisposition=OPEN_EXISTING,Return=164
28316000,RegEnumValue,hKey=HKEY_USERS\S-1-5-21-448539723-115176313-1177238915-1003\Environment\TE,Return=0,type=REG_EXPAND_SZ,data=%
28316000,RegEnumValue,hKey=HKEY_USERS\S-1-5-21-448539723-115176313-1177238915-1003\Environment\TM,Return=0,type=REG_EXPAND_SZ,data=%
28316000,RegEnumValue,hKey=HKEY_USERS\S-1-5-21-448539723-115176313-1177238915-1003\Environment\TE,Return=0,type=REG_EXPAND_SZ,data=%
28327000,RegEnumValue,hKey=HKEY_USERS\S-1-5-21-448539723-115176313-1177238915-1003\Environment\TM,Return=0,type=REG_EXPAND_SZ,data=%
28339000,RegEnumValue,hKey=HKEY_USERS\S-1-5-21-448539723-115176313-1177238915-1003\Volatile,Environment\LOGON,Return=0,type=REG_SZ,data=\\ANTS-3321DA9DA7
28345000,RegEnumValue,hKey=HKEY_USERS\S-1-5-21-448539723-115176313-1177238915-1003\Volatile,Environment\CLIEN,Return=0,type=REG_SZ,data=Console
28350000,RegEnumValue,hKey=HKEY_USERS\S-1-5-21-448539723-115176313-1177238915-1003\Volatile,Environment\SESSI,Return=0,type=REG_SZ,data=Console
28356000,RegEnumValue,hKey=HKEY_USERS\S-1-5-21-448539723-115176313-1177238915-1003\Volatile,Environment\APPD,Return=0,type=REG_SZ,data=C:\Documents,and,Settings\ants\Application,Data
28362000,RegEnumValue,hKey=HKEY_USERS\S-1-5-21-448539723-115176313-1177238915-1003\Volatile,Environment\HOME,Return=0,type=REG_SZ,data=C:
28368000,RegEnumValue,hKey=HKEY_USERS\S-1-5-21-448539723-115176313-1177238915-1003\Volatile,Environment\HOME,Return=0,type=REG_SZ,data=
28373000,RegEnumValue,hKey=HKEY_USERS\S-1-5-21-448539723-115176313-1177238915-1003\Volatile,Environment\HOME,Return=0,type=REG_SZ,data=\Documents,and,Settings\ants
28380000,RegEnumValue,hKey=HKEY_USERS\S-1-5-21-448539723-115176313-1177238915-1003\Volatile,Environment\LOGON,Return=0,type=REG_SZ,data=\\ANTS-3321DA9DA7
28380000,RegEnumValue,hKey=HKEY_USERS\S-1-5-21-448539723-115176313-1177238915-1003\Volatile,Environment\CLIEN,Return=0,type=REG_SZ,data=Console
28381000,RegEnumValue,hKey=HKEY_USERS\S-1-5-21-448539723-115176313-1177238915-1003\Volatile,Environment\SESSI,Return=0,type=REG_SZ,data=Console
28381000,RegEnumValue,hKey=HKEY_USERS\S-1-5-21-448539723-115176313-1177238915-1003\Volatile,Environment\APPD,Return=0,type=REG_SZ,data=C:\Documents,and,Settings\ants\Application,Data
28381000,RegEnumValue,hKey=HKEY_USERS\S-1-5-21-448539723-115176313-1177238915-1003\Volatile,Environment\HOME,Return=0,type=REG_SZ,data=C:
28381000,RegEnumValue,hKey=HKEY_USERS\S-1-5-21-448539723-115176313-1177238915-1003\Volatile,Environment\HOME,Return=0,type=REG_SZ,data=
28381000,RegEnumValue,hKey=HKEY_USERS\S-1-5-21-448539723-115176313-1177238915-1003\Volatile,Environment\HOME,Return=0,type=REG_SZ,data=\Documents,and,Settings\ants
28389000,RegCreateKey,hKey=HKEY_USERS\S-1-5-21-448539723-115176313-1177238915-1003\Software\Microsoft\Windows\CurrentVersion\Explorer\Shell,Folders,Return=0
28389000,RegSetValue,hKey=154\AppData,type=REG_SZ,data=C:\Documents,and,Settings\ants\Application,Data,Return=0
28392000,RegCreateKey,hKey=HKEY_USERS\S-1-5-21-448539723-115176313-1177238915-1003\Software\Microsoft\windows\CurrentVersion\Internet,Settings,Return=0
28393000,RegSetValue,hKey=150\MigrateProxy,type=REG_DWORD,data=1,Return=0
28393000,RegQueryValue,hKey=HKEY_USERS\S-1-5-21-448539723-115176313-1177238915-1003\Software\Microsoft\windows\CurrentVersion\Internet,Settings\ProxyEnable,Return=0
28393000,RegQueryValue,hKey=HKEY_USERS\S-1-5-21-448539723-115176313-1177238915-1003\Software\Microsoft\windows\CurrentVersion\Internet,Settings\ProxyServer,Return=2
28394000,RegQueryValue,hKey=HKEY_USERS\S-1-5-21-448539723-115176313-1177238915-1003\Software\Microsoft\windows\CurrentVersion\Internet,Settings\ProxyOverride,Return=2
28394000,RegQueryValue,hKey=HKEY_USERS\S-1-5-21-448539723-115176313-1177238915-1003\Software\Microsoft\windows\CurrentVersion\Internet,Settings\AutoConfigURL,Return=2
28395000,RegCreateKey,hKey=HKEY_USERS\S-1-5-21-448539723-115176313-1177238915-1003\Software\Microsoft\windows\CurrentVersion\Internet,Settings\Connections,Return=0
28395000,RegQueryValue,hKey=150\SavedLegacySettings,Return=0
28395000,RegQueryValue,hKey=150\SavedLegacySettings,Return=0
28396000,RegCreateKey,hKey=HKEY_USERS\S-1-5-21-448539723-115176313-1177238915-1003\Software\Microsoft\windows\CurrentVersion\Internet,Settings\Connections,Return=0
28397000,RegQueryValue,hKey=150\DefaultConnectionSettings,Return=0
28397000,RegQueryValue,hKey=150\DefaultConnectionSettings,Return=0
28397000,RegCreateKey,hKey=HKEY_USERS\S-1-5-21-448539723-115176313-1177238915-1003\Software\Microsoft\windows\CurrentVersion\Internet,Settings,Return=0
28398000,RegSetValue,hKey=150\ProxyEnable,type=REG_DWORD,data=0,Return=0
28398000,RegDeleteKey,hKey=150\ProxyServer,Return=2
28399000,RegDeleteKey,hKey=150\ProxyOverride,Return=2
28399000,RegDeleteKey,hKey=150\AutoConfigURL,Return=2
28399000,RegCreateKey,hKey=HKEY_CURRENT_CONFIG\Software\Microsoft\windows\CurrentVersion\Internet,Settings,Return=0
28400000,RegSetValue,hKey=154\ProxyEnable,type=REG_DWORD,data=0,Return=0
28400000,RegCreateKey,hKey=HKEY_USERS\S-1-5-21-448539723-115176313-1177238915-1003\Software\Microsoft\windows\CurrentVersion\Internet,Settings\Connections,Return=0
28401000,RegQueryValue,hKey=154\SavedLegacySettings,Return=0
28401000,RegQueryValue,hKey=154\SavedLegacySettings,Return=0
28401000,RegCreateKey,hKey=HKEY_USERS\S-1-5-21-448539723-115176313-1177238915-1003\Software\Microsoft\windows\CurrentVersion\Internet,Settings\Connections,Return=0
28402000,RegSetValue,hKey=15c\SavedLegacySettings,type=REG_BINARY,data=3C0000001C000000010000000000000000000000000000000400000000000000B0DC780F5D00CD01010000000A00020F0000000000000000,Return=0
28408000,LoadLibrary,lpFileName=urlmon.dll,Return=7e1e0000
28422000,RegQueryValue,hKey=HKEY_LOCAL_MACHINE\System\Setup\SystemSetupInProgress,Return=0
28436000,RegQueryValue,hKey=HKEY_CURRENT_USER\Software\Microsoft\Windows\CurrentVersion\Internet,Settings\Zones\0\Flags,Return=0
28442000,RegQueryValue,hKey=HKEY_CURRENT_USER\Software\Microsoft\Windows\CurrentVersion\Internet,Settings\Zones\1\Flags,Return=0
28443000,RegSetValue,hKey=HKEY_CURRENT_USER\Software\Microsoft\Windows\CurrentVersion\Internet,Settings\ZoneMap\\ProxyBypass,type=REG_DWORD,data=1,Return=0
28443000,RegSetValue,hKey=HKEY_CURRENT_USER\Software\Microsoft\Windows\CurrentVersion\Internet,Settings\ZoneMap\\IntranetName,type=REG_DWORD,data=1,Return=0
28443000,RegSetValue,hKey=HKEY_CURRENT_USER\Software\Microsoft\Windows\CurrentVersion\Internet,Settings\ZoneMap\\UNCAsIntranet,type=REG_DWORD,data=1,Return=0
28450000,RegQueryValue,hKey=HKEY_CURRENT_USER\Software\Microsoft\Windows\CurrentVersion\Internet,Settings\Zones\2\Flags,Return=0
28456000,RegQueryValue,hKey=HKEY_CURRENT_USER\Software\Microsoft\Windows\CurrentVersion\Internet,Settings\Zones\3\Flags,Return=0
28464000,RegQueryValue,hKey=HKEY_CURRENT_USER\Software\Microsoft\Windows\CurrentVersion\Internet,Settings\Zones\4\Flags,Return=0
28476000,RegQueryValue,hKey=HKEY_CURRENT_USER\Software\Microsoft\Windows\CurrentVersion\Internet,Settings\Zones\0\Flags,Return=0
28482000,RegQueryValue,hKey=HKEY_CURRENT_USER\Software\Microsoft\Windows\CurrentVersion\Internet,Settings\Zones\1\Flags,Return=0
28483000,RegSetValue,hKey=HKEY_CURRENT_USER\Software\Microsoft\Windows\CurrentVersion\Internet,Settings\ZoneMap\\ProxyBypass,type=REG_DWORD,data=1,Return=0
28483000,RegSetValue,hKey=HKEY_CURRENT_USER\Software\Microsoft\Windows\CurrentVersion\Internet,Settings\ZoneMap\\IntranetName,type=REG_DWORD,data=1,Return=0
28484000,RegSetValue,hKey=HKEY_CURRENT_USER\Software\Microsoft\Windows\CurrentVersion\Internet,Settings\ZoneMap\\UNCAsIntranet,type=REG_DWORD,data=1,Return=0
28490000,RegQueryValue,hKey=HKEY_CURRENT_USER\Software\Microsoft\Windows\CurrentVersion\Internet,Settings\Zones\2\Flags,Return=0
28496000,RegQueryValue,hKey=HKEY_CURRENT_USER\Software\Microsoft\Windows\CurrentVersion\Internet,Settings\Zones\3\Flags,Return=0
28502000,RegQueryValue,hKey=HKEY_CURRENT_USER\Software\Microsoft\Windows\CurrentVersion\Internet,Settings\Zones\4\Flags,Return=0
28513000,RegQueryValue,hKey=HKEY_CURRENT_USER\Software\Microsoft\Windows\CurrentVersion\Internet,Settings\ZoneMap\\IntranetName,Return=0
28513000,RegQueryValue,hKey=HKEY_CURRENT_USER\Software\Microsoft\Windows\CurrentVersion\Internet,Settings\ZoneMap\\ProxyBypass,Return=0
28513000,LoadLibrary,lpFileName=WININET.dll,Return=771b0000
28516000,RegQueryValue,hKey=HKEY_CURRENT_USER\Software\Microsoft\Windows\CurrentVersion\Internet,Settings\ZoneMap\\ProtocolDefaults\\http,Return=0
28518000,RegQueryValue,hKey=HKEY_CURRENT_USER\Software\Microsoft\Windows\CurrentVersion\Internet,Settings\Zones\3\1A10,Return=0
28558000,RegQueryValue,hKey=5c\EnableAutodial,Return=2
28563000,LoadLibrary,lpFileName=C:\WINDOWS\System32\mswsock.dll,Return=71a50000
28632000,RegCreateKey,hKey=HKEY_LOCAL_MACHINE\System\CurrentControlSet\Services\Tcpip\Parameters,Return=0
28633000,RegQueryValue,hKey=HKEY_LOCAL_MACHINE\System\CurrentControlSet\Services\DnsCache\Parameters\QueryAdapterName,Return=2
28633000,RegQueryValue,hKey=16c\DisableAdapterDomainName,Return=2
28634000,RegQueryValue,hKey=HKEY_LOCAL_MACHINE\System\CurrentControlSet\Services\DnsCache\Parameters\UseDomainNameDevolution,Return=2
28634000,RegQueryValue,hKey=16c\UseDomainNameDevolution,Return=0
28634000,RegQueryValue,hKey=HKEY_LOCAL_MACHINE\System\CurrentControlSet\Services\DnsCache\Parameters\PrioritizeRecordData,Return=2
28634000,RegQueryValue,hKey=16c\PrioritizeRecordData,Return=2
28635000,RegQueryValue,hKey=HKEY_LOCAL_MACHINE\System\CurrentControlSet\Services\DnsCache\Parameters\AllowUnqualifiedQuery,Return=2
28635000,RegQueryValue,hKey=16c\AllowUnqualifiedQuery,Return=2
28635000,RegQueryValue,hKey=HKEY_LOCAL_MACHINE\System\CurrentControlSet\Services\DnsCache\Parameters\AppendToMultiLabelName,Return=2
28635000,RegQueryValue,hKey=HKEY_LOCAL_MACHINE\System\CurrentControlSet\Services\DnsCache\Parameters\ScreenBadTlds,Return=2
28635000,RegQueryValue,hKey=HKEY_LOCAL_MACHINE\System\CurrentControlSet\Services\DnsCache\Parameters\ScreenUnreachableServers,Return=2
28636000,RegQueryValue,hKey=HKEY_LOCAL_MACHINE\System\CurrentControlSet\Services\DnsCache\Parameters\FilterClusterIp,Return=2
28636000,RegQueryValue,hKey=HKEY_LOCAL_MACHINE\System\CurrentControlSet\Services\DnsCache\Parameters\WaitForNameErrorOnAll,Return=2
28636000,RegQueryValue,hKey=HKEY_LOCAL_MACHINE\System\CurrentControlSet\Services\DnsCache\Parameters\UseEdns,Return=2
28637000,RegQueryValue,hKey=HKEY_LOCAL_MACHINE\System\CurrentControlSet\Services\DnsCache\Parameters\QueryIpMatching,Return=2
28637000,RegQueryValue,hKey=HKEY_LOCAL_MACHINE\System\CurrentControlSet\Services\DnsCache\Parameters\UseHostsFile,Return=2
28637000,RegQueryValue,hKey=HKEY_LOCAL_MACHINE\System\CurrentControlSet\Services\DnsCache\Parameters\RegistrationEnabled,Return=2
28637000,RegQueryValue,hKey=16c\DisableDynamicUpdate,Return=2
28638000,RegQueryValue,hKey=HKEY_LOCAL_MACHINE\System\CurrentControlSet\Services\DnsCache\Parameters\RegisterPrimaryName,Return=2
28638000,RegQueryValue,hKey=HKEY_LOCAL_MACHINE\System\CurrentControlSet\Services\DnsCache\Parameters\RegisterAdapterName,Return=2
28638000,RegQueryValue,hKey=16c\EnableAdapterDomainNameRegistration,Return=2
28638000,RegQueryValue,hKey=HKEY_LOCAL_MACHINE\System\CurrentControlSet\Services\DnsCache\Parameters\RegisterReverseLookup,Return=2
28638000,RegQueryValue,hKey=16c\DisableReverseAddressRegistrations,Return=2
28639000,RegQueryValue,hKey=HKEY_LOCAL_MACHINE\System\CurrentControlSet\Services\DnsCache\Parameters\RegisterWanAdapters,Return=2
28639000,RegQueryValue,hKey=16c\DisableWanDynamicUpdate,Return=2
28639000,RegQueryValue,hKey=HKEY_LOCAL_MACHINE\System\CurrentControlSet\Services\DnsCache\Parameters\RegistrationTtl,Return=2
28640000,RegQueryValue,hKey=16c\DefaultRegistrationTTL,Return=2
28640000,RegQueryValue,hKey=HKEY_LOCAL_MACHINE\System\CurrentControlSet\Services\DnsCache\Parameters\RegistrationRefreshInterval,Return=2
28640000,RegQueryValue,hKey=16c\DefaultRegistrationRefreshInterval,Return=2
28640000,RegQueryValue,hKey=HKEY_LOCAL_MACHINE\System\CurrentControlSet\Services\DnsCache\Parameters\RegistrationMaxAddressCount,Return=2
28641000,RegQueryValue,hKey=16c\MaxNumberOfAddressesToRegister,Return=2
28641000,RegQueryValue,hKey=HKEY_LOCAL_MACHINE\System\CurrentControlSet\Services\DnsCache\Parameters\UpdateSecurityLevel,Return=2
28641000,RegQueryValue,hKey=16c\UpdateSecurityLevel,Return=2
28641000,RegQueryValue,hKey=HKEY_LOCAL_MACHINE\System\CurrentControlSet\Services\DnsCache\Parameters\UpdateZoneExcludeFile,Return=2
28641000,RegQueryValue,hKey=HKEY_LOCAL_MACHINE\System\CurrentControlSet\Services\DnsCache\Parameters\UpdateTopLevelDomainZones,Return=2
28642000,RegQueryValue,hKey=HKEY_LOCAL_MACHINE\System\CurrentControlSet\Services\DnsCache\Parameters\DnsTest,Return=2
28642000,RegQueryValue,hKey=HKEY_LOCAL_MACHINE\System\CurrentControlSet\Services\DnsCache\Parameters\MaxCacheSize,Return=2
28642000,RegQueryValue,hKey=HKEY_LOCAL_MACHINE\System\CurrentControlSet\Services\DnsCache\Parameters\MaxCacheTtl,Return=2
28643000,RegQueryValue,hKey=HKEY_LOCAL_MACHINE\System\CurrentControlSet\Services\DnsCache\Parameters\MaxNegativeCacheTtl,Return=2
28643000,RegQueryValue,hKey=HKEY_LOCAL_MACHINE\System\CurrentControlSet\Services\DnsCache\Parameters\AdapterTimeoutLimit,Return=2
28643000,RegQueryValue,hKey=HKEY_LOCAL_MACHINE\System\CurrentControlSet\Services\DnsCache\Parameters\ServerPriorityTimeLimit,Return=2
28643000,RegQueryValue,hKey=HKEY_LOCAL_MACHINE\System\CurrentControlSet\Services\DnsCache\Parameters\MaxCachedSockets,Return=2
28643000,RegQueryValue,hKey=HKEY_LOCAL_MACHINE\System\CurrentControlSet\Services\DnsCache\Parameters\MulticastListenLevel,Return=2
28644000,RegQueryValue,hKey=HKEY_LOCAL_MACHINE\System\CurrentControlSet\Services\DnsCache\Parameters\MulticastSendLevel,Return=2
28644000,RegQueryValue,hKey=HKEY_LOCAL_MACHINE\System\Setup\SystemSetupInProgress,Return=0
28645000,RegQueryValue,hKey=HKEY_LOCAL_MACHINE\System\CurrentControlSet\Services\Tcpip\Parameters\DnsQueryTimeouts,Return=2
28645000,RegQueryValue,hKey=HKEY_LOCAL_MACHINE\System\CurrentControlSet\Services\Tcpip\Parameters\DnsQuickQueryTimeouts,Return=2
28645000,RegQueryValue,hKey=HKEY_LOCAL_MACHINE\System\CurrentControlSet\Services\Tcpip\Parameters\DnsMulticastQueryTimeouts,Return=2
28601000,LoadLibrary,lpFileName=DNSAPI.dll,Return=76f20000
28656000,RegCreateKey,hKey=HKEY_LOCAL_MACHINE\System\CurrentControlSet\Services\Tcpip\Parameters,Return=0
28657000,RegQueryValue,hKey=16c\Hostname,Return=0
28657000,RegQueryValue,hKey=16c\Hostname,Return=0
28670000,RegCreateKey,hKey=HKEY_LOCAL_MACHINE\System\CurrentControlSet\Services\Tcpip\Parameters,Return=0
28671000,RegQueryValue,hKey=16c\Domain,Return=0
28671000,RegQueryValue,hKey=16c\Domain,Return=0
28673000,RegQueryValue,hKey=HKEY_LOCAL_MACHINE\System\CurrentControlSet\Services\Tcpip\Parameters\DnsNbtLookupOrder,Return=2
28689000,RegQueryValue,hKey=HKEY_LOCAL_MACHINE\System\CurrentControlSet\Services\WinSock2\Parameters\WinSock_Registry_Version,Return=0
28689000,RegQueryValue,hKey=HKEY_LOCAL_MACHINE\System\CurrentControlSet\Services\WinSock2\Parameters\AutodialDLL,Return=2
28689000,LoadLibrary,lpFileName=rasadhlp.dll,Return=76fc0000
28723000,LoadLibrary,lpFileName=C:\WINDOWS\system32\mswsock.dll,Return=71a50000
28748000,LoadLibrary,lpFileName=hnetcfg.dll,Return=662b0000
28782000,RegQueryValue,hKey=HKEY_LOCAL_MACHINE\Software\Microsoft\Rpc\SecurityService\DefaultAuthLevel,Return=2
28784000,LoadLibrary,lpFileName=C:\WINDOWS\System32\mswsock.dll,Return=71a50000
28807000,RegQueryValue,hKey=HKEY_LOCAL_MACHINE\SYSTEM\CurrentControlSet\Services\Winsock\Parameters\Transports,Return=0
28808000,RegQueryValue,hKey=HKEY_LOCAL_MACHINE\SYSTEM\CurrentControlSet\Services\Winsock\Parameters\Transports,Return=0
28808000,RegQueryValue,hKey=HKEY_LOCAL_MACHINE\System\CurrentControlSet\Services\Tcpip\Parameters\Winsock\Mapping,Return=0
28808000,RegQueryValue,hKey=HKEY_LOCAL_MACHINE\System\CurrentControlSet\Services\Tcpip\Parameters\Winsock\Mapping,Return=0
28809000,RegQueryValue,hKey=HKEY_LOCAL_MACHINE\System\CurrentControlSet\Services\Tcpip\Parameters\Winsock\MinSockaddrLength,Return=0
28810000,RegQueryValue,hKey=HKEY_LOCAL_MACHINE\System\CurrentControlSet\Services\Tcpip\Parameters\Winsock\MaxSockaddrLength,Return=0
28810000,RegQueryValue,hKey=HKEY_LOCAL_MACHINE\System\CurrentControlSet\Services\Tcpip\Parameters\Winsock\UseDelayedAcceptance,Return=0
28810000,RegQueryValue,hKey=HKEY_LOCAL_MACHINE\System\CurrentControlSet\Services\Tcpip\Parameters\Winsock\HelperDllName,Return=0
28812000,LoadLibrary,lpFileName=C:\WINDOWS\System32\wshtcpip.dll,Return=71a90000
27380000,HttpSendRequest,lpszHeaders=Accept:,text/*,,application/octet-stream,Content-Type:,application/x-www-form-urlencoded,Return=1
28876000,InternetOpen,lpszAgent=Alina,v3.4,Return=cc0004
28877000,InternetConnect,lpszServerName=208.98.63.228,Return=cc0008
28902000,RegQueryValue,hKey=5c\EnableAutodial,Return=2
28910000,RegQueryValue,hKey=HKEY_CURRENT_USER\Software\Microsoft\Windows\CurrentVersion\Internet,Settings\ZoneMap\\ProxyBypass,Return=0
28912000,RegQueryValue,hKey=HKEY_CURRENT_USER\Software\Microsoft\Windows\CurrentVersion\Internet,Settings\ZoneMap\\ProtocolDefaults\\http,Return=0
28916000,RegQueryValue,hKey=5c\EnableAutodial,Return=2
28889000,HttpSendRequest,lpszHeaders=Accept:,text/*,,application/octet-stream,Content-Type:,application/x-www-form-urlencoded,Return=0
29319000,InternetOpen,lpszAgent=Alina,v3.4,Return=cc0004
29320000,InternetConnect,lpszServerName=uipoqworkas.com,Return=cc0008
29352000,RegQueryValue,hKey=HKEY_LOCAL_MACHINE\Software\Microsoft\Tracing\RASAPI32\EnableFileTracing,Return=0
29352000,RegQueryValue,hKey=HKEY_LOCAL_MACHINE\Software\Microsoft\Tracing\RASAPI32\FileTracingMask,Return=0
29352000,RegQueryValue,hKey=HKEY_LOCAL_MACHINE\Software\Microsoft\Tracing\RASAPI32\EnableConsoleTracing,Return=0
29352000,RegQueryValue,hKey=HKEY_LOCAL_MACHINE\Software\Microsoft\Tracing\RASAPI32\ConsoleTracingMask,Return=0
29352000,RegQueryValue,hKey=HKEY_LOCAL_MACHINE\Software\Microsoft\Tracing\RASAPI32\MaxFileSize,Return=0
29352000,RegQueryValue,hKey=HKEY_LOCAL_MACHINE\Software\Microsoft\Tracing\RASAPI32\FileDirectory,Return=0
29377000,RegQueryValue,hKey=5c\EnableAutodial,Return=2
29398000,RegQueryValue,hKey=HKEY_CURRENT_USER\Software\Microsoft\Windows\CurrentVersion\Internet,Settings\ZoneMap\\IntranetName,Return=0
29398000,RegQueryValue,hKey=HKEY_CURRENT_USER\Software\Microsoft\Windows\CurrentVersion\Internet,Settings\ZoneMap\\ProxyBypass,Return=0
29399000,RegQueryValue,hKey=HKEY_CURRENT_USER\Software\Microsoft\Windows\CurrentVersion\Internet,Settings\ZoneMap\\ProtocolDefaults\\http,Return=0
29409000,RegQueryValue,hKey=5c\EnableAutodial,Return=2
29341000,HttpSendRequest,lpszHeaders=Accept:,text/*,,application/octet-stream,Content-Type:,application/x-www-form-urlencoded,Return=1
